[{"DocumentTypeId":"Forms.IRS.1040A","Keywords":[{"Values":["1040a"],"NumberOfTimesConfirmed":1,"LastUpdated":"2020-07-12T14:27:57.740181+05:30"},{"Values":["u.s.","individual","income","tax","return"],"NumberOfTimesConfirmed":1,"LastUpdated":"2020-07-12T14:27:57.7441808+05:30"}]},{"DocumentTypeId":"Reports.SEC.10-x","Keywords":[{"Values":["form10"],"NumberOfTimesConfirmed":1,"LastUpdated":"2020-07-12T14:27:57.7441808+05:30"},{"Values":["securities","and","exchange","commission"],"NumberOfTimesConfirmed":1,"LastUpdated":"2020-07-12T14:27:57.7441808+05:30"}]},{"DocumentTypeId":"Accounting.Incoming.Invoice","Keywords":[{"Values":["invoice"],"NumberOfTimesConfirmed":1,"LastUpdated":"2020-07-12T14:27:57.7441808+05:30"},{"Values":["terms","&","conditions"],"NumberOfTimesConfirmed":1,"LastUpdated":"2020-07-12T14:27:57.7441808+05:30"}]},{"DocumentTypeId":"Forms.IRS.W4","Keywords":[{"Values":["employee’s","withholding","certificate"],"NumberOfTimesConfirmed":1,"LastUpdated":"2020-07-12T14:27:57.7441808+05:30"},{"Values":["w-4"],"NumberOfTimesConfirmed":1,"LastUpdated":"2020-07-12T14:27:57.7441808+05:30"}]}]
