{
   "fields": {
      "invoice-date": "2019-01-02",
      "vendor-address": "1912 Harvest Lane New York, NY 12210",
      "billing-name": "John Smith",
      "billing-addr": "2 Court Square",
      "shipping-addr": "3787 Pineview Drive",
      "payment-terms": "Payment is due within 15 days Please make checks payable to: East Repair Inc.",
      "due-date": "2019-02-26",
      "po-no": "2019",
      "net-amount": "145.00",
      "tax": "9.06",
      "total": "$154.06",
      "currency": "$",
      "invoice-number": "",
      "items": [

      ],
      "language": ""
   },
   "fname": "invoice_dataset_doc10-accounting-invoice.png.jpg",
   "lines": [
      "East Repair Inc.",
      "1912 Harvest Lane LOGO",
      "New York, NY 12210",
      "Bill To Ship To Invoice Date 1\/02\/2019",
      "John Smith John Smith P.O.# 2312\/2019",
      "2 Court Square 3787 Pineview Drive",
      "Due Date 26\/02\/2019",
      "8 New York, NY 12210 Cambridge, MA 12210",
      "O",
      "Qty Description Unit Price Amount",
      "1 Front and rear brake cables 100.00 100.00",
      "2 New set of pedal arms 15.00 30.00",
      "3 Labor 3hrs 5.00 15.00",
      "Subtotal 145.00",
      "Sales Tax 6.25% 9.06",
      "Total $154.06",
      "Terms&Conditions",
      "Payment is due within 15 days",
      "Please make checks payable to: East Repair Inc."
   ],
   "line_tags": [
      "",
      "vendor-address",
      "vendor-address",
      "invoice-date",
      "po-no",
      "shipping-addr",
      "due-date",
      "shipping-addr",
      "",
      "",
      "",
      "",
      "",
      "net-amount",
      "tax",
      "total",
      "",
      "payment-terms",
      "payment-terms"
   ],
   "words": [
      [
         {
            "boundingPoly": {
               "vertices": [
                  {
                     "x": 99,
                     "y": 75
                  },
                  {
                     "x": 144,
                     "y": 75
                  },
                  {
                     "x": 144,
                     "y": 96
                  },
                  {
                     "x": 99,
                     "y": 96
                  }
               ]
            },
            "description": "East",
            "line": 0,
            "__imgscaled": true,
            "x": 99,
            "y": 75,
            "height": 21,
            "tag": ""
         },
         {
            "boundingPoly": {
               "vertices": [
                  {
                     "x": 145,
                     "y": 76
                  },
                  {
                     "x": 208,
                     "y": 76
                  },
                  {
                     "x": 208,
                     "y": 100
                  },
                  {
                     "x": 145,
                     "y": 100
                  }
               ]
            },
            "description": "Repair",
            "line": 0,
            "__imgscaled": true,
            "x": 145,
            "y": 76,
            "height": 24,
            "tag": ""
         },
         {
            "boundingPoly": {
               "vertices": [
                  {
                     "x": 210,
                     "y": 75
                  },
                  {
                     "x": 245,
                     "y": 75
                  },
                  {
                     "x": 245,
                     "y": 96
                  },
                  {
                     "x": 210,
                     "y": 96
                  }
               ]
            },
            "description": "Inc.",
            "line": 0,
            "__imgscaled": true,
            "x": 210,
            "y": 75,
            "height": 21,
            "tag": ""
         }
      ],
      [
         {
            "boundingPoly": {
               "vertices": [
                  {
                     "x": 99,
                     "y": 116
                  },
                  {
                     "x": 130,
                     "y": 116
                  },
                  {
                     "x": 130,
                     "y": 130
                  },
                  {
                     "x": 99,
                     "y": 130
                  }
               ]
            },
            "description": "1912",
            "line": 1,
            "__imgscaled": true,
            "x": 99,
            "y": 116,
            "height": 14,
            "tag": "vendor-address"
         },
         {
            "boundingPoly": {
               "vertices": [
                  {
                     "x": 129,
                     "y": 116
                  },
                  {
                     "x": 177,
                     "y": 116
                  },
                  {
                     "x": 177,
                     "y": 130
                  },
                  {
                     "x": 129,
                     "y": 130
                  }
               ]
            },
            "description": "Harvest",
            "line": 1,
            "__imgscaled": true,
            "x": 129,
            "y": 116,
            "height": 14,
            "tag": "vendor-address"
         },
         {
            "boundingPoly": {
               "vertices": [
                  {
                     "x": 177,
                     "y": 116
                  },
                  {
                     "x": 209,
                     "y": 116
                  },
                  {
                     "x": 209,
                     "y": 130
                  },
                  {
                     "x": 177,
                     "y": 130
                  }
               ]
            },
            "description": "Lane",
            "line": 1,
            "__imgscaled": true,
            "x": 177,
            "y": 116,
            "height": 14,
            "tag": "vendor-address"
         },
         {
            "boundingPoly": {
               "vertices": [
                  {
                     "x": 618,
                     "y": 109
                  },
                  {
                     "x": 687,
                     "y": 109
                  },
                  {
                     "x": 687,
                     "y": 136
                  },
                  {
                     "x": 618,
                     "y": 136
                  }
               ]
            },
            "description": "LOGO",
            "line": 1,
            "__imgscaled": true,
            "x": 618,
            "y": 109,
            "height": 27,
            "tag": ""
         }
      ],
      [
         {
            "boundingPoly": {
               "vertices": [
                  {
                     "x": 98,
                     "y": 135
                  },
                  {
                     "x": 128,
                     "y": 135
                  },
                  {
                     "x": 128,
                     "y": 149
                  },
                  {
                     "x": 98,
                     "y": 149
                  }
               ]
            },
            "description": "New",
            "line": 2,
            "__imgscaled": true,
            "x": 98,
            "y": 135,
            "height": 14,
            "tag": "vendor-address"
         },
         {
            "boundingPoly": {
               "vertices": [
                  {
                     "x": 127,
                     "y": 134
                  },
                  {
                     "x": 160,
                     "y": 134
                  },
                  {
                     "x": 160,
                     "y": 150
                  },
                  {
                     "x": 127,
                     "y": 150
                  }
               ]
            },
            "description": "York,",
            "line": 2,
            "__imgscaled": true,
            "x": 127,
            "y": 134,
            "height": 16,
            "tag": "vendor-address"
         },
         {
            "boundingPoly": {
               "vertices": [
                  {
                     "x": 160,
                     "y": 135
                  },
                  {
                     "x": 182,
                     "y": 135
                  },
                  {
                     "x": 182,
                     "y": 149
                  },
                  {
                     "x": 160,
                     "y": 149
                  }
               ]
            },
            "description": "NY",
            "line": 2,
            "__imgscaled": true,
            "x": 160,
            "y": 135,
            "height": 14,
            "tag": "vendor-address"
         },
         {
            "boundingPoly": {
               "vertices": [
                  {
                     "x": 182,
                     "y": 134
                  },
                  {
                     "x": 220,
                     "y": 134
                  },
                  {
                     "x": 220,
                     "y": 148
                  },
                  {
                     "x": 182,
                     "y": 148
                  }
               ]
            },
            "description": "12210",
            "line": 2,
            "__imgscaled": true,
            "x": 182,
            "y": 134,
            "height": 14,
            "tag": "vendor-address"
         }
      ],
      [
         {
            "boundingPoly": {
               "vertices": [
                  {
                     "x": 98,
                     "y": 218
                  },
                  {
                     "x": 122,
                     "y": 218
                  },
                  {
                     "x": 122,
                     "y": 233
                  },
                  {
                     "x": 98,
                     "y": 233
                  }
               ]
            },
            "description": "Bill",
            "line": 3,
            "__imgscaled": true,
            "x": 98,
            "y": 218,
            "height": 15,
            "tag": ""
         },
         {
            "boundingPoly": {
               "vertices": [
                  {
                     "x": 121,
                     "y": 219
                  },
                  {
                     "x": 141,
                     "y": 219
                  },
                  {
                     "x": 141,
                     "y": 233
                  },
                  {
                     "x": 121,
                     "y": 233
                  }
               ]
            },
            "description": "To",
            "line": 3,
            "__imgscaled": true,
            "x": 121,
            "y": 219,
            "height": 14,
            "tag": ""
         },
         {
            "boundingPoly": {
               "vertices": [
                  {
                     "x": 303,
                     "y": 218
                  },
                  {
                     "x": 334,
                     "y": 218
                  },
                  {
                     "x": 334,
                     "y": 235
                  },
                  {
                     "x": 303,
                     "y": 235
                  }
               ]
            },
            "description": "Ship",
            "line": 3,
            "__imgscaled": true,
            "x": 303,
            "y": 218,
            "height": 17,
            "tag": ""
         },
         {
            "boundingPoly": {
               "vertices": [
                  {
                     "x": 334,
                     "y": 219
                  },
                  {
                     "x": 353,
                     "y": 219
                  },
                  {
                     "x": 353,
                     "y": 233
                  },
                  {
                     "x": 334,
                     "y": 233
                  }
               ]
            },
            "description": "To",
            "line": 3,
            "__imgscaled": true,
            "x": 334,
            "y": 219,
            "height": 14,
            "tag": ""
         },
         {
            "boundingPoly": {
               "vertices": [
                  {
                     "x": 514,
                     "y": 218
                  },
                  {
                     "x": 561,
                     "y": 218
                  },
                  {
                     "x": 561,
                     "y": 233
                  },
                  {
                     "x": 514,
                     "y": 233
                  }
               ]
            },
            "description": "Invoice",
            "line": 3,
            "__imgscaled": true,
            "x": 514,
            "y": 218,
            "height": 15,
            "tag": ""
         },
         {
            "boundingPoly": {
               "vertices": [
                  {
                     "x": 560,
                     "y": 219
                  },
                  {
                     "x": 591,
                     "y": 219
                  },
                  {
                     "x": 591,
                     "y": 233
                  },
                  {
                     "x": 560,
                     "y": 233
                  }
               ]
            },
            "description": "Date",
            "line": 3,
            "__imgscaled": true,
            "x": 560,
            "y": 219,
            "height": 14,
            "tag": ""
         },
         {
            "boundingPoly": {
               "vertices": [
                  {
                     "x": 636,
                     "y": 219
                  },
                  {
                     "x": 698,
                     "y": 219
                  },
                  {
                     "x": 698,
                     "y": 233
                  },
                  {
                     "x": 636,
                     "y": 233
                  }
               ]
            },
            "description": "1\/02\/2019",
            "line": 3,
            "__imgscaled": true,
            "x": 636,
            "y": 219,
            "height": 14,
            "tag": "invoice-date"
         }
      ],
      [
         {
            "boundingPoly": {
               "vertices": [
                  {
                     "x": 98,
                     "y": 246
                  },
                  {
                     "x": 130,
                     "y": 246
                  },
                  {
                     "x": 130,
                     "y": 261
                  },
                  {
                     "x": 98,
                     "y": 261
                  }
               ]
            },
            "description": "John",
            "line": 4,
            "__imgscaled": true,
            "x": 98,
            "y": 246,
            "height": 15,
            "tag": "billing-name"
         },
         {
            "boundingPoly": {
               "vertices": [
                  {
                     "x": 129,
                     "y": 246
                  },
                  {
                     "x": 166,
                     "y": 246
                  },
                  {
                     "x": 166,
                     "y": 261
                  },
                  {
                     "x": 129,
                     "y": 261
                  }
               ]
            },
            "description": "Smith",
            "line": 4,
            "__imgscaled": true,
            "x": 129,
            "y": 246,
            "height": 15,
            "tag": "billing-name"
         },
         {
            "boundingPoly": {
               "vertices": [
                  {
                     "x": 303,
                     "y": 246
                  },
                  {
                     "x": 335,
                     "y": 246
                  },
                  {
                     "x": 335,
                     "y": 260
                  },
                  {
                     "x": 303,
                     "y": 260
                  }
               ]
            },
            "description": "John",
            "line": 4,
            "__imgscaled": true,
            "x": 303,
            "y": 246,
            "height": 14,
            "tag": ""
         },
         {
            "boundingPoly": {
               "vertices": [
                  {
                     "x": 334,
                     "y": 246
                  },
                  {
                     "x": 370,
                     "y": 246
                  },
                  {
                     "x": 370,
                     "y": 261
                  },
                  {
                     "x": 334,
                     "y": 261
                  }
               ]
            },
            "description": "Smith",
            "line": 4,
            "__imgscaled": true,
            "x": 334,
            "y": 246,
            "height": 15,
            "tag": ""
         },
         {
            "boundingPoly": {
               "vertices": [
                  {
                     "x": 556,
                     "y": 246
                  },
                  {
                     "x": 592,
                     "y": 246
                  },
                  {
                     "x": 592,
                     "y": 260
                  },
                  {
                     "x": 556,
                     "y": 260
                  }
               ]
            },
            "description": "P.O.#",
            "line": 4,
            "__imgscaled": true,
            "x": 556,
            "y": 246,
            "height": 14,
            "tag": ""
         },
         {
            "boundingPoly": {
               "vertices": [
                  {
                     "x": 634,
                     "y": 246
                  },
                  {
                     "x": 697,
                     "y": 246
                  },
                  {
                     "x": 697,
                     "y": 261
                  },
                  {
                     "x": 634,
                     "y": 261
                  }
               ]
            },
            "description": "2312\/2019",
            "line": 4,
            "__imgscaled": true,
            "x": 634,
            "y": 246,
            "height": 15,
            "tag": "po-no"
         }
      ],
      [
         {
            "boundingPoly": {
               "vertices": [
                  {
                     "x": 98,
                     "y": 264
                  },
                  {
                     "x": 110,
                     "y": 264
                  },
                  {
                     "x": 110,
                     "y": 279
                  },
                  {
                     "x": 98,
                     "y": 279
                  }
               ]
            },
            "description": "2",
            "line": 5,
            "__imgscaled": true,
            "x": 98,
            "y": 264,
            "height": 15,
            "tag": "billing-addr"
         },
         {
            "boundingPoly": {
               "vertices": [
                  {
                     "x": 109,
                     "y": 264
                  },
                  {
                     "x": 144,
                     "y": 264
                  },
                  {
                     "x": 144,
                     "y": 279
                  },
                  {
                     "x": 109,
                     "y": 279
                  }
               ]
            },
            "description": "Court",
            "line": 5,
            "__imgscaled": true,
            "x": 109,
            "y": 264,
            "height": 15,
            "tag": "billing-addr"
         },
         {
            "boundingPoly": {
               "vertices": [
                  {
                     "x": 143,
                     "y": 265
                  },
                  {
                     "x": 187,
                     "y": 265
                  },
                  {
                     "x": 187,
                     "y": 281
                  },
                  {
                     "x": 143,
                     "y": 281
                  }
               ]
            },
            "description": "Square",
            "line": 5,
            "__imgscaled": true,
            "x": 143,
            "y": 265,
            "height": 16,
            "tag": "billing-addr"
         },
         {
            "boundingPoly": {
               "vertices": [
                  {
                     "x": 303,
                     "y": 265
                  },
                  {
                     "x": 335,
                     "y": 265
                  },
                  {
                     "x": 335,
                     "y": 279
                  },
                  {
                     "x": 303,
                     "y": 279
                  }
               ]
            },
            "description": "3787",
            "line": 5,
            "__imgscaled": true,
            "x": 303,
            "y": 265,
            "height": 14,
            "tag": "shipping-addr"
         },
         {
            "boundingPoly": {
               "vertices": [
                  {
                     "x": 334,
                     "y": 264
                  },
                  {
                     "x": 389,
                     "y": 264
                  },
                  {
                     "x": 389,
                     "y": 279
                  },
                  {
                     "x": 334,
                     "y": 279
                  }
               ]
            },
            "description": "Pineview",
            "line": 5,
            "__imgscaled": true,
            "x": 334,
            "y": 264,
            "height": 15,
            "tag": "shipping-addr"
         },
         {
            "boundingPoly": {
               "vertices": [
                  {
                     "x": 388,
                     "y": 265
                  },
                  {
                     "x": 421,
                     "y": 265
                  },
                  {
                     "x": 421,
                     "y": 279
                  },
                  {
                     "x": 388,
                     "y": 279
                  }
               ]
            },
            "description": "Drive",
            "line": 5,
            "__imgscaled": true,
            "x": 388,
            "y": 265,
            "height": 14,
            "tag": "shipping-addr"
         }
      ],
      [
         {
            "boundingPoly": {
               "vertices": [
                  {
                     "x": 533,
                     "y": 273
                  },
                  {
                     "x": 560,
                     "y": 273
                  },
                  {
                     "x": 560,
                     "y": 288
                  },
                  {
                     "x": 533,
                     "y": 288
                  }
               ]
            },
            "description": "Due",
            "line": 6,
            "__imgscaled": true,
            "x": 533,
            "y": 273,
            "height": 15,
            "tag": ""
         },
         {
            "boundingPoly": {
               "vertices": [
                  {
                     "x": 560,
                     "y": 273
                  },
                  {
                     "x": 592,
                     "y": 273
                  },
                  {
                     "x": 592,
                     "y": 288
                  },
                  {
                     "x": 560,
                     "y": 288
                  }
               ]
            },
            "description": "Date",
            "line": 6,
            "__imgscaled": true,
            "x": 560,
            "y": 273,
            "height": 15,
            "tag": ""
         },
         {
            "boundingPoly": {
               "vertices": [
                  {
                     "x": 630,
                     "y": 273
                  },
                  {
                     "x": 698,
                     "y": 273
                  },
                  {
                     "x": 698,
                     "y": 288
                  },
                  {
                     "x": 630,
                     "y": 288
                  }
               ]
            },
            "description": "26\/02\/2019",
            "line": 6,
            "__imgscaled": true,
            "x": 630,
            "y": 273,
            "height": 15,
            "tag": "due-date"
         }
      ],
      [
         {
            "boundingPoly": {
               "vertices": [
                  {
                     "x": 46,
                     "y": 259
                  },
                  {
                     "x": 76,
                     "y": 259
                  },
                  {
                     "x": 76,
                     "y": 309
                  },
                  {
                     "x": 46,
                     "y": 309
                  }
               ]
            },
            "description": "8",
            "line": 7,
            "__imgscaled": true,
            "x": 46,
            "y": 259,
            "height": 50,
            "tag": ""
         },
         {
            "boundingPoly": {
               "vertices": [
                  {
                     "x": 98,
                     "y": 282
                  },
                  {
                     "x": 128,
                     "y": 282
                  },
                  {
                     "x": 128,
                     "y": 297
                  },
                  {
                     "x": 98,
                     "y": 297
                  }
               ]
            },
            "description": "New",
            "line": 7,
            "__imgscaled": true,
            "x": 98,
            "y": 282,
            "height": 15,
            "tag": "billing-addr"
         },
         {
            "boundingPoly": {
               "vertices": [
                  {
                     "x": 127,
                     "y": 282
                  },
                  {
                     "x": 160,
                     "y": 282
                  },
                  {
                     "x": 160,
                     "y": 298
                  },
                  {
                     "x": 127,
                     "y": 298
                  }
               ]
            },
            "description": "York,",
            "line": 7,
            "__imgscaled": true,
            "x": 127,
            "y": 282,
            "height": 16,
            "tag": "billing-addr"
         },
         {
            "boundingPoly": {
               "vertices": [
                  {
                     "x": 160,
                     "y": 282
                  },
                  {
                     "x": 182,
                     "y": 282
                  },
                  {
                     "x": 182,
                     "y": 297
                  },
                  {
                     "x": 160,
                     "y": 297
                  }
               ]
            },
            "description": "NY",
            "line": 7,
            "__imgscaled": true,
            "x": 160,
            "y": 282,
            "height": 15,
            "tag": "billing-addr"
         },
         {
            "boundingPoly": {
               "vertices": [
                  {
                     "x": 182,
                     "y": 283
                  },
                  {
                     "x": 220,
                     "y": 283
                  },
                  {
                     "x": 220,
                     "y": 297
                  },
                  {
                     "x": 182,
                     "y": 297
                  }
               ]
            },
            "description": "12210",
            "line": 7,
            "__imgscaled": true,
            "x": 182,
            "y": 283,
            "height": 14,
            "tag": "billing-addr"
         },
         {
            "boundingPoly": {
               "vertices": [
                  {
                     "x": 304,
                     "y": 282
                  },
                  {
                     "x": 372,
                     "y": 282
                  },
                  {
                     "x": 372,
                     "y": 299
                  },
                  {
                     "x": 304,
                     "y": 299
                  }
               ]
            },
            "description": "Cambridge,",
            "line": 7,
            "__imgscaled": true,
            "x": 304,
            "y": 282,
            "height": 17,
            "tag": "shipping-addr"
         },
         {
            "boundingPoly": {
               "vertices": [
                  {
                     "x": 372,
                     "y": 282
                  },
                  {
                     "x": 395,
                     "y": 282
                  },
                  {
                     "x": 395,
                     "y": 297
                  },
                  {
                     "x": 372,
                     "y": 297
                  }
               ]
            },
            "description": "MA",
            "line": 7,
            "__imgscaled": true,
            "x": 372,
            "y": 282,
            "height": 15,
            "tag": "shipping-addr"
         },
         {
            "boundingPoly": {
               "vertices": [
                  {
                     "x": 395,
                     "y": 282
                  },
                  {
                     "x": 434,
                     "y": 282
                  },
                  {
                     "x": 434,
                     "y": 297
                  },
                  {
                     "x": 395,
                     "y": 297
                  }
               ]
            },
            "description": "12210",
            "line": 7,
            "__imgscaled": true,
            "x": 395,
            "y": 282,
            "height": 15,
            "tag": "shipping-addr"
         }
      ],
      [
         {
            "boundingPoly": {
               "vertices": [
                  {
                     "x": 44,
                     "y": 310
                  },
                  {
                     "x": 75,
                     "y": 310
                  },
                  {
                     "x": 75,
                     "y": 343
                  },
                  {
                     "x": 44,
                     "y": 343
                  }
               ]
            },
            "description": "O",
            "line": 8,
            "__imgscaled": true,
            "x": 44,
            "y": 310,
            "height": 33,
            "tag": ""
         }
      ],
      [
         {
            "boundingPoly": {
               "vertices": [
                  {
                     "x": 118,
                     "y": 348
                  },
                  {
                     "x": 143,
                     "y": 348
                  },
                  {
                     "x": 143,
                     "y": 366
                  },
                  {
                     "x": 118,
                     "y": 366
                  }
               ]
            },
            "description": "Qty",
            "line": 9,
            "__imgscaled": true,
            "x": 118,
            "y": 348,
            "height": 18,
            "tag": ""
         },
         {
            "boundingPoly": {
               "vertices": [
                  {
                     "x": 283,
                     "y": 349
                  },
                  {
                     "x": 357,
                     "y": 349
                  },
                  {
                     "x": 357,
                     "y": 366
                  },
                  {
                     "x": 283,
                     "y": 366
                  }
               ]
            },
            "description": "Description",
            "line": 9,
            "__imgscaled": true,
            "x": 283,
            "y": 349,
            "height": 17,
            "tag": ""
         },
         {
            "boundingPoly": {
               "vertices": [
                  {
                     "x": 503,
                     "y": 347
                  },
                  {
                     "x": 532,
                     "y": 347
                  },
                  {
                     "x": 532,
                     "y": 362
                  },
                  {
                     "x": 503,
                     "y": 362
                  }
               ]
            },
            "description": "Unit",
            "line": 9,
            "__imgscaled": true,
            "x": 503,
            "y": 347,
            "height": 15,
            "tag": ""
         },
         {
            "boundingPoly": {
               "vertices": [
                  {
                     "x": 533,
                     "y": 348
                  },
                  {
                     "x": 567,
                     "y": 348
                  },
                  {
                     "x": 567,
                     "y": 362
                  },
                  {
                     "x": 533,
                     "y": 362
                  }
               ]
            },
            "description": "Price",
            "line": 9,
            "__imgscaled": true,
            "x": 533,
            "y": 348,
            "height": 14,
            "tag": ""
         },
         {
            "boundingPoly": {
               "vertices": [
                  {
                     "x": 615,
                     "y": 349
                  },
                  {
                     "x": 666,
                     "y": 349
                  },
                  {
                     "x": 666,
                     "y": 363
                  },
                  {
                     "x": 615,
                     "y": 363
                  }
               ]
            },
            "description": "Amount",
            "line": 9,
            "__imgscaled": true,
            "x": 615,
            "y": 349,
            "height": 14,
            "tag": ""
         }
      ],
      [
         {
            "boundingPoly": {
               "vertices": [
                  {
                     "x": 107,
                     "y": 381
                  },
                  {
                     "x": 116,
                     "y": 381
                  },
                  {
                     "x": 116,
                     "y": 396
                  },
                  {
                     "x": 107,
                     "y": 396
                  }
               ]
            },
            "description": "1",
            "line": 10,
            "__imgscaled": true,
            "x": 107,
            "y": 381,
            "height": 15,
            "tag": ""
         },
         {
            "boundingPoly": {
               "vertices": [
                  {
                     "x": 165,
                     "y": 382
                  },
                  {
                     "x": 199,
                     "y": 382
                  },
                  {
                     "x": 199,
                     "y": 396
                  },
                  {
                     "x": 165,
                     "y": 396
                  }
               ]
            },
            "description": "Front",
            "line": 10,
            "__imgscaled": true,
            "x": 165,
            "y": 382,
            "height": 14,
            "tag": ""
         },
         {
            "boundingPoly": {
               "vertices": [
                  {
                     "x": 197,
                     "y": 382
                  },
                  {
                     "x": 222,
                     "y": 382
                  },
                  {
                     "x": 222,
                     "y": 396
                  },
                  {
                     "x": 197,
                     "y": 396
                  }
               ]
            },
            "description": "and",
            "line": 10,
            "__imgscaled": true,
            "x": 197,
            "y": 382,
            "height": 14,
            "tag": ""
         },
         {
            "boundingPoly": {
               "vertices": [
                  {
                     "x": 223,
                     "y": 384
                  },
                  {
                     "x": 249,
                     "y": 384
                  },
                  {
                     "x": 249,
                     "y": 396
                  },
                  {
                     "x": 223,
                     "y": 396
                  }
               ]
            },
            "description": "rear",
            "line": 10,
            "__imgscaled": true,
            "x": 223,
            "y": 384,
            "height": 12,
            "tag": ""
         },
         {
            "boundingPoly": {
               "vertices": [
                  {
                     "x": 248,
                     "y": 382
                  },
                  {
                     "x": 283,
                     "y": 382
                  },
                  {
                     "x": 283,
                     "y": 396
                  },
                  {
                     "x": 248,
                     "y": 396
                  }
               ]
            },
            "description": "brake",
            "line": 10,
            "__imgscaled": true,
            "x": 248,
            "y": 382,
            "height": 14,
            "tag": ""
         },
         {
            "boundingPoly": {
               "vertices": [
                  {
                     "x": 283,
                     "y": 381
                  },
                  {
                     "x": 324,
                     "y": 381
                  },
                  {
                     "x": 324,
                     "y": 396
                  },
                  {
                     "x": 283,
                     "y": 396
                  }
               ]
            },
            "description": "cables",
            "line": 10,
            "__imgscaled": true,
            "x": 283,
            "y": 381,
            "height": 15,
            "tag": ""
         },
         {
            "boundingPoly": {
               "vertices": [
                  {
                     "x": 543,
                     "y": 381
                  },
                  {
                     "x": 585,
                     "y": 381
                  },
                  {
                     "x": 585,
                     "y": 395
                  },
                  {
                     "x": 543,
                     "y": 395
                  }
               ]
            },
            "description": "100.00",
            "line": 10,
            "__imgscaled": true,
            "x": 543,
            "y": 381,
            "height": 14,
            "tag": ""
         },
         {
            "boundingPoly": {
               "vertices": [
                  {
                     "x": 650,
                     "y": 381
                  },
                  {
                     "x": 690,
                     "y": 381
                  },
                  {
                     "x": 690,
                     "y": 396
                  },
                  {
                     "x": 650,
                     "y": 396
                  }
               ]
            },
            "description": "100.00",
            "line": 10,
            "__imgscaled": true,
            "x": 650,
            "y": 381,
            "height": 15,
            "tag": ""
         }
      ],
      [
         {
            "boundingPoly": {
               "vertices": [
                  {
                     "x": 105,
                     "y": 418
                  },
                  {
                     "x": 118,
                     "y": 418
                  },
                  {
                     "x": 118,
                     "y": 433
                  },
                  {
                     "x": 105,
                     "y": 433
                  }
               ]
            },
            "description": "2",
            "line": 11,
            "__imgscaled": true,
            "x": 105,
            "y": 418,
            "height": 15,
            "tag": ""
         },
         {
            "boundingPoly": {
               "vertices": [
                  {
                     "x": 164,
                     "y": 418
                  },
                  {
                     "x": 194,
                     "y": 418
                  },
                  {
                     "x": 194,
                     "y": 432
                  },
                  {
                     "x": 164,
                     "y": 432
                  }
               ]
            },
            "description": "New",
            "line": 11,
            "__imgscaled": true,
            "x": 164,
            "y": 418,
            "height": 14,
            "tag": ""
         },
         {
            "boundingPoly": {
               "vertices": [
                  {
                     "x": 193,
                     "y": 419
                  },
                  {
                     "x": 214,
                     "y": 419
                  },
                  {
                     "x": 214,
                     "y": 432
                  },
                  {
                     "x": 193,
                     "y": 432
                  }
               ]
            },
            "description": "set",
            "line": 11,
            "__imgscaled": true,
            "x": 193,
            "y": 419,
            "height": 13,
            "tag": ""
         },
         {
            "boundingPoly": {
               "vertices": [
                  {
                     "x": 213,
                     "y": 419
                  },
                  {
                     "x": 229,
                     "y": 419
                  },
                  {
                     "x": 229,
                     "y": 433
                  },
                  {
                     "x": 213,
                     "y": 433
                  }
               ]
            },
            "description": "of",
            "line": 11,
            "__imgscaled": true,
            "x": 213,
            "y": 419,
            "height": 14,
            "tag": ""
         },
         {
            "boundingPoly": {
               "vertices": [
                  {
                     "x": 227,
                     "y": 418
                  },
                  {
                     "x": 263,
                     "y": 418
                  },
                  {
                     "x": 263,
                     "y": 435
                  },
                  {
                     "x": 227,
                     "y": 435
                  }
               ]
            },
            "description": "pedal",
            "line": 11,
            "__imgscaled": true,
            "x": 227,
            "y": 418,
            "height": 17,
            "tag": ""
         },
         {
            "boundingPoly": {
               "vertices": [
                  {
                     "x": 263,
                     "y": 420
                  },
                  {
                     "x": 294,
                     "y": 420
                  },
                  {
                     "x": 294,
                     "y": 432
                  },
                  {
                     "x": 263,
                     "y": 432
                  }
               ]
            },
            "description": "arms",
            "line": 11,
            "__imgscaled": true,
            "x": 263,
            "y": 420,
            "height": 12,
            "tag": ""
         },
         {
            "boundingPoly": {
               "vertices": [
                  {
                     "x": 549,
                     "y": 419
                  },
                  {
                     "x": 584,
                     "y": 419
                  },
                  {
                     "x": 584,
                     "y": 433
                  },
                  {
                     "x": 549,
                     "y": 433
                  }
               ]
            },
            "description": "15.00",
            "line": 11,
            "__imgscaled": true,
            "x": 549,
            "y": 419,
            "height": 14,
            "tag": ""
         },
         {
            "boundingPoly": {
               "vertices": [
                  {
                     "x": 655,
                     "y": 419
                  },
                  {
                     "x": 691,
                     "y": 419
                  },
                  {
                     "x": 691,
                     "y": 433
                  },
                  {
                     "x": 655,
                     "y": 433
                  }
               ]
            },
            "description": "30.00",
            "line": 11,
            "__imgscaled": true,
            "x": 655,
            "y": 419,
            "height": 14,
            "tag": ""
         }
      ],
      [
         {
            "boundingPoly": {
               "vertices": [
                  {
                     "x": 105,
                     "y": 455
                  },
                  {
                     "x": 117,
                     "y": 455
                  },
                  {
                     "x": 117,
                     "y": 470
                  },
                  {
                     "x": 105,
                     "y": 470
                  }
               ]
            },
            "description": "3",
            "line": 12,
            "__imgscaled": true,
            "x": 105,
            "y": 455,
            "height": 15,
            "tag": ""
         },
         {
            "boundingPoly": {
               "vertices": [
                  {
                     "x": 164,
                     "y": 456
                  },
                  {
                     "x": 200,
                     "y": 456
                  },
                  {
                     "x": 200,
                     "y": 470
                  },
                  {
                     "x": 164,
                     "y": 470
                  }
               ]
            },
            "description": "Labor",
            "line": 12,
            "__imgscaled": true,
            "x": 164,
            "y": 456,
            "height": 14,
            "tag": ""
         },
         {
            "boundingPoly": {
               "vertices": [
                  {
                     "x": 200,
                     "y": 456
                  },
                  {
                     "x": 229,
                     "y": 456
                  },
                  {
                     "x": 229,
                     "y": 470
                  },
                  {
                     "x": 200,
                     "y": 470
                  }
               ]
            },
            "description": "3hrs",
            "line": 12,
            "__imgscaled": true,
            "x": 200,
            "y": 456,
            "height": 14,
            "tag": ""
         },
         {
            "boundingPoly": {
               "vertices": [
                  {
                     "x": 555,
                     "y": 456
                  },
                  {
                     "x": 584,
                     "y": 456
                  },
                  {
                     "x": 584,
                     "y": 470
                  },
                  {
                     "x": 555,
                     "y": 470
                  }
               ]
            },
            "description": "5.00",
            "line": 12,
            "__imgscaled": true,
            "x": 555,
            "y": 456,
            "height": 14,
            "tag": ""
         },
         {
            "boundingPoly": {
               "vertices": [
                  {
                     "x": 656,
                     "y": 456
                  },
                  {
                     "x": 691,
                     "y": 456
                  },
                  {
                     "x": 691,
                     "y": 470
                  },
                  {
                     "x": 656,
                     "y": 470
                  }
               ]
            },
            "description": "15.00",
            "line": 12,
            "__imgscaled": true,
            "x": 656,
            "y": 456,
            "height": 14,
            "tag": ""
         }
      ],
      [
         {
            "boundingPoly": {
               "vertices": [
                  {
                     "x": 480,
                     "y": 505
                  },
                  {
                     "x": 529,
                     "y": 505
                  },
                  {
                     "x": 529,
                     "y": 519
                  },
                  {
                     "x": 480,
                     "y": 519
                  }
               ]
            },
            "description": "Subtotal",
            "line": 13,
            "__imgscaled": true,
            "x": 480,
            "y": 505,
            "height": 14,
            "tag": ""
         },
         {
            "boundingPoly": {
               "vertices": [
                  {
                     "x": 649,
                     "y": 505
                  },
                  {
                     "x": 691,
                     "y": 505
                  },
                  {
                     "x": 691,
                     "y": 519
                  },
                  {
                     "x": 649,
                     "y": 519
                  }
               ]
            },
            "description": "145.00",
            "line": 13,
            "__imgscaled": true,
            "x": 649,
            "y": 505,
            "height": 14,
            "tag": "net-amount"
         }
      ],
      [
         {
            "boundingPoly": {
               "vertices": [
                  {
                     "x": 430,
                     "y": 538
                  },
                  {
                     "x": 465,
                     "y": 538
                  },
                  {
                     "x": 465,
                     "y": 553
                  },
                  {
                     "x": 430,
                     "y": 553
                  }
               ]
            },
            "description": "Sales",
            "line": 14,
            "__imgscaled": true,
            "x": 430,
            "y": 538,
            "height": 15,
            "tag": ""
         },
         {
            "boundingPoly": {
               "vertices": [
                  {
                     "x": 465,
                     "y": 538
                  },
                  {
                     "x": 490,
                     "y": 538
                  },
                  {
                     "x": 490,
                     "y": 551
                  },
                  {
                     "x": 465,
                     "y": 551
                  }
               ]
            },
            "description": "Tax",
            "line": 14,
            "__imgscaled": true,
            "x": 465,
            "y": 538,
            "height": 13,
            "tag": ""
         },
         {
            "boundingPoly": {
               "vertices": [
                  {
                     "x": 490,
                     "y": 538
                  },
                  {
                     "x": 529,
                     "y": 538
                  },
                  {
                     "x": 529,
                     "y": 552
                  },
                  {
                     "x": 490,
                     "y": 552
                  }
               ]
            },
            "description": "6.25%",
            "line": 14,
            "__imgscaled": true,
            "x": 490,
            "y": 538,
            "height": 14,
            "tag": ""
         },
         {
            "boundingPoly": {
               "vertices": [
                  {
                     "x": 663,
                     "y": 537
                  },
                  {
                     "x": 691,
                     "y": 537
                  },
                  {
                     "x": 691,
                     "y": 552
                  },
                  {
                     "x": 663,
                     "y": 552
                  }
               ]
            },
            "description": "9.06",
            "line": 14,
            "__imgscaled": true,
            "x": 663,
            "y": 537,
            "height": 15,
            "tag": "tax"
         }
      ],
      [
         {
            "boundingPoly": {
               "vertices": [
                  {
                     "x": 483,
                     "y": 570
                  },
                  {
                     "x": 529,
                     "y": 570
                  },
                  {
                     "x": 529,
                     "y": 588
                  },
                  {
                     "x": 483,
                     "y": 588
                  }
               ]
            },
            "description": "Total",
            "line": 15,
            "__imgscaled": true,
            "x": 483,
            "y": 570,
            "height": 18,
            "tag": ""
         },
         {
            "boundingPoly": {
               "vertices": [
                  {
                     "x": 623,
                     "y": 569
                  },
                  {
                     "x": 690,
                     "y": 569
                  },
                  {
                     "x": 690,
                     "y": 589
                  },
                  {
                     "x": 623,
                     "y": 589
                  }
               ]
            },
            "description": "$154.06",
            "line": 15,
            "__imgscaled": true,
            "x": 623,
            "y": 569,
            "height": 20,
            "tag": "total"
         }
      ],
      [
         {
            "boundingPoly": {
               "vertices": [
                  {
                     "x": 98,
                     "y": 902
                  },
                  {
                     "x": 222,
                     "y": 902
                  },
                  {
                     "x": 222,
                     "y": 917
                  },
                  {
                     "x": 98,
                     "y": 916
                  }
               ]
            },
            "description": "Terms&Conditions",
            "line": 16,
            "__imgscaled": true,
            "x": 98,
            "y": 902,
            "height": 14,
            "tag": ""
         }
      ],
      [
         {
            "boundingPoly": {
               "vertices": [
                  {
                     "x": 98,
                     "y": 940
                  },
                  {
                     "x": 152,
                     "y": 940
                  },
                  {
                     "x": 152,
                     "y": 957
                  },
                  {
                     "x": 98,
                     "y": 957
                  }
               ]
            },
            "description": "Payment",
            "line": 17,
            "__imgscaled": true,
            "x": 98,
            "y": 940,
            "height": 17,
            "tag": "payment-terms"
         },
         {
            "boundingPoly": {
               "vertices": [
                  {
                     "x": 151,
                     "y": 940
                  },
                  {
                     "x": 165,
                     "y": 940
                  },
                  {
                     "x": 165,
                     "y": 954
                  },
                  {
                     "x": 151,
                     "y": 954
                  }
               ]
            },
            "description": "is",
            "line": 17,
            "__imgscaled": true,
            "x": 151,
            "y": 940,
            "height": 14,
            "tag": "payment-terms"
         },
         {
            "boundingPoly": {
               "vertices": [
                  {
                     "x": 163,
                     "y": 940
                  },
                  {
                     "x": 189,
                     "y": 940
                  },
                  {
                     "x": 189,
                     "y": 954
                  },
                  {
                     "x": 163,
                     "y": 954
                  }
               ]
            },
            "description": "due",
            "line": 17,
            "__imgscaled": true,
            "x": 163,
            "y": 940,
            "height": 14,
            "tag": "payment-terms"
         },
         {
            "boundingPoly": {
               "vertices": [
                  {
                     "x": 188,
                     "y": 940
                  },
                  {
                     "x": 225,
                     "y": 940
                  },
                  {
                     "x": 225,
                     "y": 955
                  },
                  {
                     "x": 188,
                     "y": 955
                  }
               ]
            },
            "description": "within",
            "line": 17,
            "__imgscaled": true,
            "x": 188,
            "y": 940,
            "height": 15,
            "tag": "payment-terms"
         },
         {
            "boundingPoly": {
               "vertices": [
                  {
                     "x": 225,
                     "y": 940
                  },
                  {
                     "x": 242,
                     "y": 940
                  },
                  {
                     "x": 242,
                     "y": 955
                  },
                  {
                     "x": 225,
                     "y": 955
                  }
               ]
            },
            "description": "15",
            "line": 17,
            "__imgscaled": true,
            "x": 225,
            "y": 940,
            "height": 15,
            "tag": "payment-terms"
         },
         {
            "boundingPoly": {
               "vertices": [
                  {
                     "x": 242,
                     "y": 940
                  },
                  {
                     "x": 273,
                     "y": 940
                  },
                  {
                     "x": 273,
                     "y": 957
                  },
                  {
                     "x": 242,
                     "y": 957
                  }
               ]
            },
            "description": "days",
            "line": 17,
            "__imgscaled": true,
            "x": 242,
            "y": 940,
            "height": 17,
            "tag": "payment-terms"
         }
      ],
      [
         {
            "boundingPoly": {
               "vertices": [
                  {
                     "x": 98,
                     "y": 977
                  },
                  {
                     "x": 140,
                     "y": 977
                  },
                  {
                     "x": 140,
                     "y": 991
                  },
                  {
                     "x": 98,
                     "y": 991
                  }
               ]
            },
            "description": "Please",
            "line": 18,
            "__imgscaled": true,
            "x": 98,
            "y": 977,
            "height": 14,
            "tag": "payment-terms"
         },
         {
            "boundingPoly": {
               "vertices": [
                  {
                     "x": 139,
                     "y": 976
                  },
                  {
                     "x": 175,
                     "y": 976
                  },
                  {
                     "x": 175,
                     "y": 991
                  },
                  {
                     "x": 139,
                     "y": 991
                  }
               ]
            },
            "description": "make",
            "line": 18,
            "__imgscaled": true,
            "x": 139,
            "y": 976,
            "height": 15,
            "tag": "payment-terms"
         },
         {
            "boundingPoly": {
               "vertices": [
                  {
                     "x": 175,
                     "y": 977
                  },
                  {
                     "x": 218,
                     "y": 977
                  },
                  {
                     "x": 218,
                     "y": 991
                  },
                  {
                     "x": 175,
                     "y": 991
                  }
               ]
            },
            "description": "checks",
            "line": 18,
            "__imgscaled": true,
            "x": 175,
            "y": 977,
            "height": 14,
            "tag": "payment-terms"
         },
         {
            "boundingPoly": {
               "vertices": [
                  {
                     "x": 217,
                     "y": 976
                  },
                  {
                     "x": 266,
                     "y": 976
                  },
                  {
                     "x": 266,
                     "y": 993
                  },
                  {
                     "x": 217,
                     "y": 993
                  }
               ]
            },
            "description": "payable",
            "line": 18,
            "__imgscaled": true,
            "x": 217,
            "y": 976,
            "height": 17,
            "tag": "payment-terms"
         },
         {
            "boundingPoly": {
               "vertices": [
                  {
                     "x": 265,
                     "y": 977
                  },
                  {
                     "x": 284,
                     "y": 977
                  },
                  {
                     "x": 284,
                     "y": 991
                  },
                  {
                     "x": 265,
                     "y": 991
                  }
               ]
            },
            "description": "to:",
            "line": 18,
            "__imgscaled": true,
            "x": 265,
            "y": 977,
            "height": 14,
            "tag": "payment-terms"
         },
         {
            "boundingPoly": {
               "vertices": [
                  {
                     "x": 284,
                     "y": 976
                  },
                  {
                     "x": 312,
                     "y": 976
                  },
                  {
                     "x": 312,
                     "y": 990
                  },
                  {
                     "x": 284,
                     "y": 990
                  }
               ]
            },
            "description": "East",
            "line": 18,
            "__imgscaled": true,
            "x": 284,
            "y": 976,
            "height": 14,
            "tag": "payment-terms"
         },
         {
            "boundingPoly": {
               "vertices": [
                  {
                     "x": 312,
                     "y": 976
                  },
                  {
                     "x": 353,
                     "y": 976
                  },
                  {
                     "x": 353,
                     "y": 993
                  },
                  {
                     "x": 312,
                     "y": 993
                  }
               ]
            },
            "description": "Repair",
            "line": 18,
            "__imgscaled": true,
            "x": 312,
            "y": 976,
            "height": 17,
            "tag": "payment-terms"
         },
         {
            "boundingPoly": {
               "vertices": [
                  {
                     "x": 353,
                     "y": 977
                  },
                  {
                     "x": 377,
                     "y": 977
                  },
                  {
                     "x": 377,
                     "y": 991
                  },
                  {
                     "x": 353,
                     "y": 991
                  }
               ]
            },
            "description": "Inc.",
            "line": 18,
            "__imgscaled": true,
            "x": 353,
            "y": 977,
            "height": 14,
            "tag": "payment-terms"
         }
      ]
   ],
   "manual_edit": {
      "fields": [

      ]
   },
   "schema": [
      "invoice-number",
      "invoice-date"
   ],
   "subset": "TRAIN"
}