{
   "fields": {
      "invoice-number": "890127",
      "invoice-date": "2016-01-27",
      "vendor-address": "4592 Bell Street New York, NY 10018",
      "billing-name": "CHOAM",
      "billing-addr": "27 Shield Wall Ave,",
      "shipping-addr": "27 Shield Wall Ave,",
      "payment-terms": "Payment is due within 30 days",
      "due-date": "2016-02-26",
      "po-no": "16012633",
      "net-amount": "247,834.00",
      "tax": "47,088.46",
      "total": "$294,922.46",
      "currency": "$",
      "items": [
         {
            "line-no": "",
            "description": "Nutrimatic Drinks Dispenser",
            "item-po-no": "",
            "quantity": "10",
            "unit-price": "4,200.00",
            "line-amount": "42,000.00"
         },
         {
            "line-no": "",
            "description": "Shipboard Computer \"Eddie\"",
            "item-po-no": "",
            "quantity": "17",
            "unit-price": "8,402.00",
            "line-amount": "142,834.00"
         },
         {
            "line-no": "",
            "description": "Happy Vertical People Transporters",
            "item-po-no": "",
            "quantity": "3",
            "unit-price": "21,000.00",
            "line-amount": "63,000.00"
         }
      ],
      "language": ""
   },
   "fname": "invoice_dataset_doc09-accounting-invoice.pdf.jpg",
   "lines": [
      "INVOICE",
      "Sirius Cybernetics Corp.",
      "4592 Bell Street",
      "New York, NY 10018",
      "Bill To Ship To nvoice# 890127",
      "CHOAM CHOAM Invoice Date 27\/01\/2016",
      "27 Shield Wall Ave, 27 Shield Wall Ave,",
      "P.O.# 16012633",
      "Carthag, CH 1965 Carthag, CH 1965",
      "Arrakis Arrakis Due Date 26\/02\/2016",
      "Qty Description Unit Price Amount",
      "10 Nutrimatic Drinks Dispenser 4,200.00 42,000.00",
      "17 Shipboard Computer \"Eddie\" 8,402.00 142,834.00",
      "3 Happy Vertical People Transporters 21,000.00 63,000.00",
      "Subtotal 247,834.00",
      "VAT 19.0% 47,088.46",
      "Total $294,922.46",
      "Terms&Conditions Thank you",
      "Payment is due within 30 days"
   ],
   "line_tags": [
      "",
      "",
      "vendor-address",
      "vendor-address",
      "invoice-number",
      "billing-name",
      "shipping-addr",
      "po-no",
      "shipping-addr",
      "due-date",
      "",
      "line-amount",
      "line-amount",
      "line-amount",
      "net-amount",
      "tax",
      "total",
      "",
      "payment-terms"
   ],
   "words": [
      [
         {
            "boundingPoly": {
               "vertices": [
                  {
                     "x": 565,
                     "y": 111
                  },
                  {
                     "x": 832,
                     "y": 111
                  },
                  {
                     "x": 832,
                     "y": 172
                  },
                  {
                     "x": 565,
                     "y": 172
                  }
               ]
            },
            "description": "INVOICE",
            "line": 0,
            "__imgscaled": true,
            "x": 565,
            "y": 111,
            "height": 61,
            "tag": ""
         }
      ],
      [
         {
            "boundingPoly": {
               "vertices": [
                  {
                     "x": 706,
                     "y": 338
                  },
                  {
                     "x": 872,
                     "y": 338
                  },
                  {
                     "x": 872,
                     "y": 400
                  },
                  {
                     "x": 706,
                     "y": 400
                  }
               ]
            },
            "description": "Sirius",
            "line": 1,
            "__imgscaled": true,
            "x": 706,
            "y": 338,
            "height": 62,
            "tag": ""
         },
         {
            "boundingPoly": {
               "vertices": [
                  {
                     "x": 887,
                     "y": 340
                  },
                  {
                     "x": 1230,
                     "y": 340
                  },
                  {
                     "x": 1230,
                     "y": 411
                  },
                  {
                     "x": 887,
                     "y": 411
                  }
               ]
            },
            "description": "Cybernetics",
            "line": 1,
            "__imgscaled": true,
            "x": 887,
            "y": 340,
            "height": 71,
            "tag": ""
         },
         {
            "boundingPoly": {
               "vertices": [
                  {
                     "x": 1243,
                     "y": 337
                  },
                  {
                     "x": 1401,
                     "y": 337
                  },
                  {
                     "x": 1401,
                     "y": 411
                  },
                  {
                     "x": 1243,
                     "y": 411
                  }
               ]
            },
            "description": "Corp.",
            "line": 1,
            "__imgscaled": true,
            "x": 1243,
            "y": 337,
            "height": 74,
            "tag": ""
         }
      ],
      [
         {
            "boundingPoly": {
               "vertices": [
                  {
                     "x": 928,
                     "y": 441
                  },
                  {
                     "x": 1016,
                     "y": 441
                  },
                  {
                     "x": 1016,
                     "y": 478
                  },
                  {
                     "x": 928,
                     "y": 478
                  }
               ]
            },
            "description": "4592",
            "line": 2,
            "__imgscaled": true,
            "x": 928,
            "y": 441,
            "height": 37,
            "tag": "vendor-address"
         },
         {
            "boundingPoly": {
               "vertices": [
                  {
                     "x": 1019,
                     "y": 443
                  },
                  {
                     "x": 1083,
                     "y": 443
                  },
                  {
                     "x": 1083,
                     "y": 478
                  },
                  {
                     "x": 1019,
                     "y": 478
                  }
               ]
            },
            "description": "Bell",
            "line": 2,
            "__imgscaled": true,
            "x": 1019,
            "y": 443,
            "height": 35,
            "tag": "vendor-address"
         },
         {
            "boundingPoly": {
               "vertices": [
                  {
                     "x": 1088,
                     "y": 442
                  },
                  {
                     "x": 1191,
                     "y": 442
                  },
                  {
                     "x": 1191,
                     "y": 479
                  },
                  {
                     "x": 1088,
                     "y": 479
                  }
               ]
            },
            "description": "Street",
            "line": 2,
            "__imgscaled": true,
            "x": 1088,
            "y": 442,
            "height": 37,
            "tag": "vendor-address"
         }
      ],
      [
         {
            "boundingPoly": {
               "vertices": [
                  {
                     "x": 896,
                     "y": 492
                  },
                  {
                     "x": 974,
                     "y": 492
                  },
                  {
                     "x": 974,
                     "y": 528
                  },
                  {
                     "x": 896,
                     "y": 528
                  }
               ]
            },
            "description": "New",
            "line": 3,
            "__imgscaled": true,
            "x": 896,
            "y": 492,
            "height": 36,
            "tag": "vendor-address"
         },
         {
            "boundingPoly": {
               "vertices": [
                  {
                     "x": 974,
                     "y": 491
                  },
                  {
                     "x": 1065,
                     "y": 491
                  },
                  {
                     "x": 1065,
                     "y": 532
                  },
                  {
                     "x": 974,
                     "y": 532
                  }
               ]
            },
            "description": "York,",
            "line": 3,
            "__imgscaled": true,
            "x": 974,
            "y": 491,
            "height": 41,
            "tag": "vendor-address"
         },
         {
            "boundingPoly": {
               "vertices": [
                  {
                     "x": 1068,
                     "y": 491
                  },
                  {
                     "x": 1128,
                     "y": 491
                  },
                  {
                     "x": 1128,
                     "y": 527
                  },
                  {
                     "x": 1068,
                     "y": 527
                  }
               ]
            },
            "description": "NY",
            "line": 3,
            "__imgscaled": true,
            "x": 1068,
            "y": 491,
            "height": 36,
            "tag": "vendor-address"
         },
         {
            "boundingPoly": {
               "vertices": [
                  {
                     "x": 1131,
                     "y": 491
                  },
                  {
                     "x": 1234,
                     "y": 491
                  },
                  {
                     "x": 1234,
                     "y": 528
                  },
                  {
                     "x": 1131,
                     "y": 528
                  }
               ]
            },
            "description": "10018",
            "line": 3,
            "__imgscaled": true,
            "x": 1131,
            "y": 491,
            "height": 37,
            "tag": "vendor-address"
         }
      ],
      [
         {
            "boundingPoly": {
               "vertices": [
                  {
                     "x": 248,
                     "y": 688
                  },
                  {
                     "x": 304,
                     "y": 688
                  },
                  {
                     "x": 304,
                     "y": 726
                  },
                  {
                     "x": 248,
                     "y": 726
                  }
               ]
            },
            "description": "Bill",
            "line": 4,
            "__imgscaled": true,
            "x": 248,
            "y": 688,
            "height": 38,
            "tag": ""
         },
         {
            "boundingPoly": {
               "vertices": [
                  {
                     "x": 306,
                     "y": 689
                  },
                  {
                     "x": 355,
                     "y": 689
                  },
                  {
                     "x": 355,
                     "y": 726
                  },
                  {
                     "x": 306,
                     "y": 726
                  }
               ]
            },
            "description": "To",
            "line": 4,
            "__imgscaled": true,
            "x": 306,
            "y": 689,
            "height": 37,
            "tag": ""
         },
         {
            "boundingPoly": {
               "vertices": [
                  {
                     "x": 685,
                     "y": 687
                  },
                  {
                     "x": 764,
                     "y": 687
                  },
                  {
                     "x": 764,
                     "y": 733
                  },
                  {
                     "x": 685,
                     "y": 733
                  }
               ]
            },
            "description": "Ship",
            "line": 4,
            "__imgscaled": true,
            "x": 685,
            "y": 687,
            "height": 46,
            "tag": ""
         },
         {
            "boundingPoly": {
               "vertices": [
                  {
                     "x": 765,
                     "y": 691
                  },
                  {
                     "x": 815,
                     "y": 691
                  },
                  {
                     "x": 815,
                     "y": 726
                  },
                  {
                     "x": 765,
                     "y": 726
                  }
               ]
            },
            "description": "To",
            "line": 4,
            "__imgscaled": true,
            "x": 765,
            "y": 691,
            "height": 35,
            "tag": ""
         },
         {
            "boundingPoly": {
               "vertices": [
                  {
                     "x": 1342,
                     "y": 686
                  },
                  {
                     "x": 1489,
                     "y": 689
                  },
                  {
                     "x": 1489,
                     "y": 726
                  },
                  {
                     "x": 1342,
                     "y": 723
                  }
               ]
            },
            "description": "nvoice#",
            "line": 4,
            "__imgscaled": true,
            "x": 1342,
            "y": 686,
            "height": 37,
            "tag": ""
         },
         {
            "boundingPoly": {
               "vertices": [
                  {
                     "x": 1743,
                     "y": 687
                  },
                  {
                     "x": 1869,
                     "y": 687
                  },
                  {
                     "x": 1869,
                     "y": 723
                  },
                  {
                     "x": 1743,
                     "y": 723
                  }
               ]
            },
            "description": "890127",
            "line": 4,
            "__imgscaled": true,
            "x": 1743,
            "y": 687,
            "height": 36,
            "tag": "invoice-number"
         }
      ],
      [
         {
            "boundingPoly": {
               "vertices": [
                  {
                     "x": 250,
                     "y": 784
                  },
                  {
                     "x": 388,
                     "y": 784
                  },
                  {
                     "x": 388,
                     "y": 820
                  },
                  {
                     "x": 250,
                     "y": 820
                  }
               ]
            },
            "description": "CHOAM",
            "line": 5,
            "__imgscaled": true,
            "x": 250,
            "y": 784,
            "height": 36,
            "tag": "billing-name"
         },
         {
            "boundingPoly": {
               "vertices": [
                  {
                     "x": 687,
                     "y": 783
                  },
                  {
                     "x": 825,
                     "y": 783
                  },
                  {
                     "x": 825,
                     "y": 820
                  },
                  {
                     "x": 687,
                     "y": 820
                  }
               ]
            },
            "description": "CHOAM",
            "line": 5,
            "__imgscaled": true,
            "x": 687,
            "y": 783,
            "height": 37,
            "tag": ""
         },
         {
            "boundingPoly": {
               "vertices": [
                  {
                     "x": 1283,
                     "y": 784
                  },
                  {
                     "x": 1402,
                     "y": 784
                  },
                  {
                     "x": 1402,
                     "y": 821
                  },
                  {
                     "x": 1283,
                     "y": 821
                  }
               ]
            },
            "description": "Invoice",
            "line": 5,
            "__imgscaled": true,
            "x": 1283,
            "y": 784,
            "height": 37,
            "tag": ""
         },
         {
            "boundingPoly": {
               "vertices": [
                  {
                     "x": 1408,
                     "y": 784
                  },
                  {
                     "x": 1490,
                     "y": 784
                  },
                  {
                     "x": 1490,
                     "y": 820
                  },
                  {
                     "x": 1408,
                     "y": 820
                  }
               ]
            },
            "description": "Date",
            "line": 5,
            "__imgscaled": true,
            "x": 1408,
            "y": 784,
            "height": 36,
            "tag": ""
         },
         {
            "boundingPoly": {
               "vertices": [
                  {
                     "x": 1684,
                     "y": 783
                  },
                  {
                     "x": 1869,
                     "y": 783
                  },
                  {
                     "x": 1869,
                     "y": 819
                  },
                  {
                     "x": 1684,
                     "y": 819
                  }
               ]
            },
            "description": "27\/01\/2016",
            "line": 5,
            "__imgscaled": true,
            "x": 1684,
            "y": 783,
            "height": 36,
            "tag": "invoice-date"
         }
      ],
      [
         {
            "boundingPoly": {
               "vertices": [
                  {
                     "x": 249,
                     "y": 845
                  },
                  {
                     "x": 295,
                     "y": 845
                  },
                  {
                     "x": 295,
                     "y": 882
                  },
                  {
                     "x": 249,
                     "y": 882
                  }
               ]
            },
            "description": "27",
            "line": 6,
            "__imgscaled": true,
            "x": 249,
            "y": 845,
            "height": 37,
            "tag": "billing-addr"
         },
         {
            "boundingPoly": {
               "vertices": [
                  {
                     "x": 298,
                     "y": 845
                  },
                  {
                     "x": 405,
                     "y": 845
                  },
                  {
                     "x": 405,
                     "y": 882
                  },
                  {
                     "x": 298,
                     "y": 882
                  }
               ]
            },
            "description": "Shield",
            "line": 6,
            "__imgscaled": true,
            "x": 298,
            "y": 845,
            "height": 37,
            "tag": "billing-addr"
         },
         {
            "boundingPoly": {
               "vertices": [
                  {
                     "x": 407,
                     "y": 845
                  },
                  {
                     "x": 486,
                     "y": 845
                  },
                  {
                     "x": 486,
                     "y": 883
                  },
                  {
                     "x": 407,
                     "y": 883
                  }
               ]
            },
            "description": "Wall",
            "line": 6,
            "__imgscaled": true,
            "x": 407,
            "y": 845,
            "height": 38,
            "tag": "billing-addr"
         },
         {
            "boundingPoly": {
               "vertices": [
                  {
                     "x": 488,
                     "y": 846
                  },
                  {
                     "x": 564,
                     "y": 846
                  },
                  {
                     "x": 564,
                     "y": 887
                  },
                  {
                     "x": 488,
                     "y": 887
                  }
               ]
            },
            "description": "Ave,",
            "line": 6,
            "__imgscaled": true,
            "x": 488,
            "y": 846,
            "height": 41,
            "tag": "billing-addr"
         },
         {
            "boundingPoly": {
               "vertices": [
                  {
                     "x": 685,
                     "y": 846
                  },
                  {
                     "x": 733,
                     "y": 846
                  },
                  {
                     "x": 733,
                     "y": 882
                  },
                  {
                     "x": 685,
                     "y": 882
                  }
               ]
            },
            "description": "27",
            "line": 6,
            "__imgscaled": true,
            "x": 685,
            "y": 846,
            "height": 36,
            "tag": "shipping-addr"
         },
         {
            "boundingPoly": {
               "vertices": [
                  {
                     "x": 735,
                     "y": 844
                  },
                  {
                     "x": 841,
                     "y": 844
                  },
                  {
                     "x": 841,
                     "y": 882
                  },
                  {
                     "x": 735,
                     "y": 882
                  }
               ]
            },
            "description": "Shield",
            "line": 6,
            "__imgscaled": true,
            "x": 735,
            "y": 844,
            "height": 38,
            "tag": "shipping-addr"
         },
         {
            "boundingPoly": {
               "vertices": [
                  {
                     "x": 843,
                     "y": 844
                  },
                  {
                     "x": 921,
                     "y": 844
                  },
                  {
                     "x": 921,
                     "y": 882
                  },
                  {
                     "x": 843,
                     "y": 882
                  }
               ]
            },
            "description": "Wall",
            "line": 6,
            "__imgscaled": true,
            "x": 843,
            "y": 844,
            "height": 38,
            "tag": "shipping-addr"
         },
         {
            "boundingPoly": {
               "vertices": [
                  {
                     "x": 924,
                     "y": 843
                  },
                  {
                     "x": 1002,
                     "y": 843
                  },
                  {
                     "x": 1002,
                     "y": 885
                  },
                  {
                     "x": 924,
                     "y": 885
                  }
               ]
            },
            "description": "Ave,",
            "line": 6,
            "__imgscaled": true,
            "x": 924,
            "y": 843,
            "height": 42,
            "tag": "shipping-addr"
         }
      ],
      [
         {
            "boundingPoly": {
               "vertices": [
                  {
                     "x": 1389,
                     "y": 876
                  },
                  {
                     "x": 1490,
                     "y": 876
                  },
                  {
                     "x": 1490,
                     "y": 917
                  },
                  {
                     "x": 1389,
                     "y": 917
                  }
               ]
            },
            "description": "P.O.#",
            "line": 7,
            "__imgscaled": true,
            "x": 1389,
            "y": 876,
            "height": 41,
            "tag": ""
         },
         {
            "boundingPoly": {
               "vertices": [
                  {
                     "x": 1705,
                     "y": 876
                  },
                  {
                     "x": 1869,
                     "y": 876
                  },
                  {
                     "x": 1869,
                     "y": 914
                  },
                  {
                     "x": 1705,
                     "y": 914
                  }
               ]
            },
            "description": "16012633",
            "line": 7,
            "__imgscaled": true,
            "x": 1705,
            "y": 876,
            "height": 38,
            "tag": "po-no"
         }
      ],
      [
         {
            "boundingPoly": {
               "vertices": [
                  {
                     "x": 250,
                     "y": 907
                  },
                  {
                     "x": 392,
                     "y": 907
                  },
                  {
                     "x": 392,
                     "y": 951
                  },
                  {
                     "x": 250,
                     "y": 951
                  }
               ]
            },
            "description": "Carthag,",
            "line": 8,
            "__imgscaled": true,
            "x": 250,
            "y": 907,
            "height": 44,
            "tag": "billing-addr"
         },
         {
            "boundingPoly": {
               "vertices": [
                  {
                     "x": 397,
                     "y": 908
                  },
                  {
                     "x": 456,
                     "y": 908
                  },
                  {
                     "x": 456,
                     "y": 945
                  },
                  {
                     "x": 397,
                     "y": 945
                  }
               ]
            },
            "description": "CH",
            "line": 8,
            "__imgscaled": true,
            "x": 397,
            "y": 908,
            "height": 37,
            "tag": "billing-addr"
         },
         {
            "boundingPoly": {
               "vertices": [
                  {
                     "x": 457,
                     "y": 906
                  },
                  {
                     "x": 545,
                     "y": 906
                  },
                  {
                     "x": 545,
                     "y": 944
                  },
                  {
                     "x": 457,
                     "y": 944
                  }
               ]
            },
            "description": "1965",
            "line": 8,
            "__imgscaled": true,
            "x": 457,
            "y": 906,
            "height": 38,
            "tag": "billing-addr"
         },
         {
            "boundingPoly": {
               "vertices": [
                  {
                     "x": 686,
                     "y": 907
                  },
                  {
                     "x": 831,
                     "y": 907
                  },
                  {
                     "x": 831,
                     "y": 951
                  },
                  {
                     "x": 686,
                     "y": 951
                  }
               ]
            },
            "description": "Carthag,",
            "line": 8,
            "__imgscaled": true,
            "x": 686,
            "y": 907,
            "height": 44,
            "tag": "shipping-addr"
         },
         {
            "boundingPoly": {
               "vertices": [
                  {
                     "x": 833,
                     "y": 908
                  },
                  {
                     "x": 891,
                     "y": 908
                  },
                  {
                     "x": 891,
                     "y": 945
                  },
                  {
                     "x": 833,
                     "y": 945
                  }
               ]
            },
            "description": "CH",
            "line": 8,
            "__imgscaled": true,
            "x": 833,
            "y": 908,
            "height": 37,
            "tag": "shipping-addr"
         },
         {
            "boundingPoly": {
               "vertices": [
                  {
                     "x": 892,
                     "y": 906
                  },
                  {
                     "x": 980,
                     "y": 906
                  },
                  {
                     "x": 980,
                     "y": 945
                  },
                  {
                     "x": 892,
                     "y": 945
                  }
               ]
            },
            "description": "1965",
            "line": 8,
            "__imgscaled": true,
            "x": 892,
            "y": 906,
            "height": 39,
            "tag": "shipping-addr"
         }
      ],
      [
         {
            "boundingPoly": {
               "vertices": [
                  {
                     "x": 249,
                     "y": 967
                  },
                  {
                     "x": 368,
                     "y": 967
                  },
                  {
                     "x": 368,
                     "y": 1006
                  },
                  {
                     "x": 249,
                     "y": 1006
                  }
               ]
            },
            "description": "Arrakis",
            "line": 9,
            "__imgscaled": true,
            "x": 249,
            "y": 967,
            "height": 39,
            "tag": "billing-addr"
         },
         {
            "boundingPoly": {
               "vertices": [
                  {
                     "x": 685,
                     "y": 970
                  },
                  {
                     "x": 804,
                     "y": 970
                  },
                  {
                     "x": 804,
                     "y": 1009
                  },
                  {
                     "x": 685,
                     "y": 1009
                  }
               ]
            },
            "description": "Arrakis",
            "line": 9,
            "__imgscaled": true,
            "x": 685,
            "y": 970,
            "height": 39,
            "tag": "shipping-addr"
         },
         {
            "boundingPoly": {
               "vertices": [
                  {
                     "x": 1330,
                     "y": 975
                  },
                  {
                     "x": 1401,
                     "y": 975
                  },
                  {
                     "x": 1401,
                     "y": 1011
                  },
                  {
                     "x": 1330,
                     "y": 1011
                  }
               ]
            },
            "description": "Due",
            "line": 9,
            "__imgscaled": true,
            "x": 1330,
            "y": 975,
            "height": 36,
            "tag": ""
         },
         {
            "boundingPoly": {
               "vertices": [
                  {
                     "x": 1408,
                     "y": 975
                  },
                  {
                     "x": 1490,
                     "y": 975
                  },
                  {
                     "x": 1490,
                     "y": 1010
                  },
                  {
                     "x": 1408,
                     "y": 1010
                  }
               ]
            },
            "description": "Date",
            "line": 9,
            "__imgscaled": true,
            "x": 1408,
            "y": 975,
            "height": 35,
            "tag": ""
         },
         {
            "boundingPoly": {
               "vertices": [
                  {
                     "x": 1685,
                     "y": 971
                  },
                  {
                     "x": 1868,
                     "y": 971
                  },
                  {
                     "x": 1868,
                     "y": 1008
                  },
                  {
                     "x": 1685,
                     "y": 1008
                  }
               ]
            },
            "description": "26\/02\/2016",
            "line": 9,
            "__imgscaled": true,
            "x": 1685,
            "y": 971,
            "height": 37,
            "tag": "due-date"
         }
      ],
      [
         {
            "boundingPoly": {
               "vertices": [
                  {
                     "x": 264,
                     "y": 1121
                  },
                  {
                     "x": 329,
                     "y": 1121
                  },
                  {
                     "x": 329,
                     "y": 1166
                  },
                  {
                     "x": 264,
                     "y": 1166
                  }
               ]
            },
            "description": "Qty",
            "line": 10,
            "__imgscaled": true,
            "x": 264,
            "y": 1121,
            "height": 45,
            "tag": ""
         },
         {
            "boundingPoly": {
               "vertices": [
                  {
                     "x": 470,
                     "y": 1123
                  },
                  {
                     "x": 655,
                     "y": 1123
                  },
                  {
                     "x": 655,
                     "y": 1167
                  },
                  {
                     "x": 470,
                     "y": 1167
                  }
               ]
            },
            "description": "Description",
            "line": 10,
            "__imgscaled": true,
            "x": 470,
            "y": 1123,
            "height": 44,
            "tag": ""
         },
         {
            "boundingPoly": {
               "vertices": [
                  {
                     "x": 1317,
                     "y": 1122
                  },
                  {
                     "x": 1387,
                     "y": 1122
                  },
                  {
                     "x": 1387,
                     "y": 1159
                  },
                  {
                     "x": 1317,
                     "y": 1159
                  }
               ]
            },
            "description": "Unit",
            "line": 10,
            "__imgscaled": true,
            "x": 1317,
            "y": 1122,
            "height": 37,
            "tag": ""
         },
         {
            "boundingPoly": {
               "vertices": [
                  {
                     "x": 1389,
                     "y": 1123
                  },
                  {
                     "x": 1478,
                     "y": 1123
                  },
                  {
                     "x": 1478,
                     "y": 1161
                  },
                  {
                     "x": 1389,
                     "y": 1161
                  }
               ]
            },
            "description": "Price",
            "line": 10,
            "__imgscaled": true,
            "x": 1389,
            "y": 1123,
            "height": 38,
            "tag": ""
         },
         {
            "boundingPoly": {
               "vertices": [
                  {
                     "x": 1728,
                     "y": 1124
                  },
                  {
                     "x": 1861,
                     "y": 1124
                  },
                  {
                     "x": 1861,
                     "y": 1161
                  },
                  {
                     "x": 1728,
                     "y": 1161
                  }
               ]
            },
            "description": "Amount",
            "line": 10,
            "__imgscaled": true,
            "x": 1728,
            "y": 1124,
            "height": 37,
            "tag": ""
         }
      ],
      [
         {
            "boundingPoly": {
               "vertices": [
                  {
                     "x": 284,
                     "y": 1204
                  },
                  {
                     "x": 333,
                     "y": 1204
                  },
                  {
                     "x": 333,
                     "y": 1239
                  },
                  {
                     "x": 284,
                     "y": 1239
                  }
               ]
            },
            "description": "10",
            "line": 11,
            "__imgscaled": true,
            "x": 284,
            "y": 1204,
            "height": 35,
            "tag": "quantity"
         },
         {
            "boundingPoly": {
               "vertices": [
                  {
                     "x": 460,
                     "y": 1199
                  },
                  {
                     "x": 630,
                     "y": 1199
                  },
                  {
                     "x": 630,
                     "y": 1236
                  },
                  {
                     "x": 460,
                     "y": 1236
                  }
               ]
            },
            "description": "Nutrimatic",
            "line": 11,
            "__imgscaled": true,
            "x": 460,
            "y": 1199,
            "height": 37,
            "tag": "description"
         },
         {
            "boundingPoly": {
               "vertices": [
                  {
                     "x": 632,
                     "y": 1199
                  },
                  {
                     "x": 740,
                     "y": 1199
                  },
                  {
                     "x": 740,
                     "y": 1236
                  },
                  {
                     "x": 632,
                     "y": 1236
                  }
               ]
            },
            "description": "Drinks",
            "line": 11,
            "__imgscaled": true,
            "x": 632,
            "y": 1199,
            "height": 37,
            "tag": "description"
         },
         {
            "boundingPoly": {
               "vertices": [
                  {
                     "x": 743,
                     "y": 1199
                  },
                  {
                     "x": 910,
                     "y": 1199
                  },
                  {
                     "x": 910,
                     "y": 1242
                  },
                  {
                     "x": 743,
                     "y": 1242
                  }
               ]
            },
            "description": "Dispenser",
            "line": 11,
            "__imgscaled": true,
            "x": 743,
            "y": 1199,
            "height": 43,
            "tag": "description"
         },
         {
            "boundingPoly": {
               "vertices": [
                  {
                     "x": 1333,
                     "y": 1203
                  },
                  {
                     "x": 1478,
                     "y": 1203
                  },
                  {
                     "x": 1478,
                     "y": 1245
                  },
                  {
                     "x": 1333,
                     "y": 1245
                  }
               ]
            },
            "description": "4,200.00",
            "line": 11,
            "__imgscaled": true,
            "x": 1333,
            "y": 1203,
            "height": 42,
            "tag": "unit-price"
         },
         {
            "boundingPoly": {
               "vertices": [
                  {
                     "x": 1694,
                     "y": 1204
                  },
                  {
                     "x": 1859,
                     "y": 1204
                  },
                  {
                     "x": 1859,
                     "y": 1244
                  },
                  {
                     "x": 1694,
                     "y": 1244
                  }
               ]
            },
            "description": "42,000.00",
            "line": 11,
            "__imgscaled": true,
            "x": 1694,
            "y": 1204,
            "height": 40,
            "tag": "line-amount"
         }
      ],
      [
         {
            "boundingPoly": {
               "vertices": [
                  {
                     "x": 286,
                     "y": 1285
                  },
                  {
                     "x": 333,
                     "y": 1285
                  },
                  {
                     "x": 333,
                     "y": 1322
                  },
                  {
                     "x": 286,
                     "y": 1322
                  }
               ]
            },
            "description": "17",
            "line": 12,
            "__imgscaled": true,
            "x": 286,
            "y": 1285,
            "height": 37,
            "tag": "quantity"
         },
         {
            "boundingPoly": {
               "vertices": [
                  {
                     "x": 460,
                     "y": 1280
                  },
                  {
                     "x": 631,
                     "y": 1280
                  },
                  {
                     "x": 631,
                     "y": 1324
                  },
                  {
                     "x": 460,
                     "y": 1324
                  }
               ]
            },
            "description": "Shipboard",
            "line": 12,
            "__imgscaled": true,
            "x": 460,
            "y": 1280,
            "height": 44,
            "tag": "description"
         },
         {
            "boundingPoly": {
               "vertices": [
                  {
                     "x": 633,
                     "y": 1281
                  },
                  {
                     "x": 798,
                     "y": 1281
                  },
                  {
                     "x": 798,
                     "y": 1323
                  },
                  {
                     "x": 633,
                     "y": 1323
                  }
               ]
            },
            "description": "Computer",
            "line": 12,
            "__imgscaled": true,
            "x": 633,
            "y": 1281,
            "height": 42,
            "tag": "description"
         },
         {
            "boundingPoly": {
               "vertices": [
                  {
                     "x": 800,
                     "y": 1279
                  },
                  {
                     "x": 921,
                     "y": 1279
                  },
                  {
                     "x": 921,
                     "y": 1316
                  },
                  {
                     "x": 800,
                     "y": 1316
                  }
               ]
            },
            "description": "\"Eddie\"",
            "line": 12,
            "__imgscaled": true,
            "x": 800,
            "y": 1279,
            "height": 37,
            "tag": "description"
         },
         {
            "boundingPoly": {
               "vertices": [
                  {
                     "x": 1334,
                     "y": 1283
                  },
                  {
                     "x": 1478,
                     "y": 1283
                  },
                  {
                     "x": 1478,
                     "y": 1323
                  },
                  {
                     "x": 1334,
                     "y": 1323
                  }
               ]
            },
            "description": "8,402.00",
            "line": 12,
            "__imgscaled": true,
            "x": 1334,
            "y": 1283,
            "height": 40,
            "tag": "unit-price"
         },
         {
            "boundingPoly": {
               "vertices": [
                  {
                     "x": 1676,
                     "y": 1284
                  },
                  {
                     "x": 1858,
                     "y": 1284
                  },
                  {
                     "x": 1858,
                     "y": 1324
                  },
                  {
                     "x": 1676,
                     "y": 1324
                  }
               ]
            },
            "description": "142,834.00",
            "line": 12,
            "__imgscaled": true,
            "x": 1676,
            "y": 1284,
            "height": 40,
            "tag": "line-amount"
         }
      ],
      [
         {
            "boundingPoly": {
               "vertices": [
                  {
                     "x": 284,
                     "y": 1364
                  },
                  {
                     "x": 313,
                     "y": 1364
                  },
                  {
                     "x": 313,
                     "y": 1400
                  },
                  {
                     "x": 284,
                     "y": 1400
                  }
               ]
            },
            "description": "3",
            "line": 13,
            "__imgscaled": true,
            "x": 284,
            "y": 1364,
            "height": 36,
            "tag": "quantity"
         },
         {
            "boundingPoly": {
               "vertices": [
                  {
                     "x": 460,
                     "y": 1362
                  },
                  {
                     "x": 571,
                     "y": 1362
                  },
                  {
                     "x": 571,
                     "y": 1406
                  },
                  {
                     "x": 460,
                     "y": 1406
                  }
               ]
            },
            "description": "Happy",
            "line": 13,
            "__imgscaled": true,
            "x": 460,
            "y": 1362,
            "height": 44,
            "tag": "description"
         },
         {
            "boundingPoly": {
               "vertices": [
                  {
                     "x": 573,
                     "y": 1360
                  },
                  {
                     "x": 700,
                     "y": 1360
                  },
                  {
                     "x": 700,
                     "y": 1400
                  },
                  {
                     "x": 573,
                     "y": 1400
                  }
               ]
            },
            "description": "Vertical",
            "line": 13,
            "__imgscaled": true,
            "x": 573,
            "y": 1360,
            "height": 40,
            "tag": "description"
         },
         {
            "boundingPoly": {
               "vertices": [
                  {
                     "x": 701,
                     "y": 1362
                  },
                  {
                     "x": 821,
                     "y": 1362
                  },
                  {
                     "x": 821,
                     "y": 1406
                  },
                  {
                     "x": 701,
                     "y": 1406
                  }
               ]
            },
            "description": "People",
            "line": 13,
            "__imgscaled": true,
            "x": 701,
            "y": 1362,
            "height": 44,
            "tag": "description"
         },
         {
            "boundingPoly": {
               "vertices": [
                  {
                     "x": 821,
                     "y": 1364
                  },
                  {
                     "x": 1032,
                     "y": 1364
                  },
                  {
                     "x": 1032,
                     "y": 1407
                  },
                  {
                     "x": 821,
                     "y": 1407
                  }
               ]
            },
            "description": "Transporters",
            "line": 13,
            "__imgscaled": true,
            "x": 821,
            "y": 1364,
            "height": 43,
            "tag": "description"
         },
         {
            "boundingPoly": {
               "vertices": [
                  {
                     "x": 1311,
                     "y": 1364
                  },
                  {
                     "x": 1477,
                     "y": 1364
                  },
                  {
                     "x": 1477,
                     "y": 1408
                  },
                  {
                     "x": 1311,
                     "y": 1408
                  }
               ]
            },
            "description": "21,000.00",
            "line": 13,
            "__imgscaled": true,
            "x": 1311,
            "y": 1364,
            "height": 44,
            "tag": "unit-price"
         },
         {
            "boundingPoly": {
               "vertices": [
                  {
                     "x": 1697,
                     "y": 1366
                  },
                  {
                     "x": 1859,
                     "y": 1366
                  },
                  {
                     "x": 1859,
                     "y": 1408
                  },
                  {
                     "x": 1697,
                     "y": 1408
                  }
               ]
            },
            "description": "63,000.00",
            "line": 13,
            "__imgscaled": true,
            "x": 1697,
            "y": 1366,
            "height": 42,
            "tag": "line-amount"
         }
      ],
      [
         {
            "boundingPoly": {
               "vertices": [
                  {
                     "x": 1347,
                     "y": 1510
                  },
                  {
                     "x": 1486,
                     "y": 1510
                  },
                  {
                     "x": 1486,
                     "y": 1549
                  },
                  {
                     "x": 1347,
                     "y": 1549
                  }
               ]
            },
            "description": "Subtotal",
            "line": 14,
            "__imgscaled": true,
            "x": 1347,
            "y": 1510,
            "height": 39,
            "tag": ""
         },
         {
            "boundingPoly": {
               "vertices": [
                  {
                     "x": 1695,
                     "y": 1510
                  },
                  {
                     "x": 1880,
                     "y": 1510
                  },
                  {
                     "x": 1880,
                     "y": 1551
                  },
                  {
                     "x": 1695,
                     "y": 1551
                  }
               ]
            },
            "description": "247,834.00",
            "line": 14,
            "__imgscaled": true,
            "x": 1695,
            "y": 1510,
            "height": 41,
            "tag": "net-amount"
         }
      ],
      [
         {
            "boundingPoly": {
               "vertices": [
                  {
                     "x": 1297,
                     "y": 1583
                  },
                  {
                     "x": 1375,
                     "y": 1583
                  },
                  {
                     "x": 1375,
                     "y": 1622
                  },
                  {
                     "x": 1297,
                     "y": 1622
                  }
               ]
            },
            "description": "VAT",
            "line": 15,
            "__imgscaled": true,
            "x": 1297,
            "y": 1583,
            "height": 39,
            "tag": ""
         },
         {
            "boundingPoly": {
               "vertices": [
                  {
                     "x": 1380,
                     "y": 1581
                  },
                  {
                     "x": 1486,
                     "y": 1581
                  },
                  {
                     "x": 1486,
                     "y": 1621
                  },
                  {
                     "x": 1380,
                     "y": 1621
                  }
               ]
            },
            "description": "19.0%",
            "line": 15,
            "__imgscaled": true,
            "x": 1380,
            "y": 1581,
            "height": 40,
            "tag": ""
         },
         {
            "boundingPoly": {
               "vertices": [
                  {
                     "x": 1712,
                     "y": 1583
                  },
                  {
                     "x": 1879,
                     "y": 1583
                  },
                  {
                     "x": 1879,
                     "y": 1624
                  },
                  {
                     "x": 1712,
                     "y": 1624
                  }
               ]
            },
            "description": "47,088.46",
            "line": 15,
            "__imgscaled": true,
            "x": 1712,
            "y": 1583,
            "height": 41,
            "tag": "tax"
         }
      ],
      [
         {
            "boundingPoly": {
               "vertices": [
                  {
                     "x": 1393,
                     "y": 1696
                  },
                  {
                     "x": 1479,
                     "y": 1696
                  },
                  {
                     "x": 1479,
                     "y": 1732
                  },
                  {
                     "x": 1393,
                     "y": 1732
                  }
               ]
            },
            "description": "Total",
            "line": 16,
            "__imgscaled": true,
            "x": 1393,
            "y": 1696,
            "height": 36,
            "tag": ""
         },
         {
            "boundingPoly": {
               "vertices": [
                  {
                     "x": 1656,
                     "y": 1697
                  },
                  {
                     "x": 1858,
                     "y": 1697
                  },
                  {
                     "x": 1858,
                     "y": 1737
                  },
                  {
                     "x": 1656,
                     "y": 1737
                  }
               ]
            },
            "description": "$294,922.46",
            "line": 16,
            "__imgscaled": true,
            "x": 1656,
            "y": 1697,
            "height": 40,
            "tag": "total"
         }
      ],
      [
         {
            "boundingPoly": {
               "vertices": [
                  {
                     "x": 252,
                     "y": 2703
                  },
                  {
                     "x": 575,
                     "y": 2704
                  },
                  {
                     "x": 575,
                     "y": 2743
                  },
                  {
                     "x": 252,
                     "y": 2742
                  }
               ]
            },
            "description": "Terms&Conditions",
            "line": 17,
            "__imgscaled": true,
            "x": 252,
            "y": 2703,
            "height": 39,
            "tag": ""
         },
         {
            "boundingPoly": {
               "vertices": [
                  {
                     "x": 1556,
                     "y": 2680
                  },
                  {
                     "x": 1746,
                     "y": 2680
                  },
                  {
                     "x": 1746,
                     "y": 2742
                  },
                  {
                     "x": 1556,
                     "y": 2742
                  }
               ]
            },
            "description": "Thank",
            "line": 17,
            "__imgscaled": true,
            "x": 1556,
            "y": 2680,
            "height": 62,
            "tag": ""
         },
         {
            "boundingPoly": {
               "vertices": [
                  {
                     "x": 1750,
                     "y": 2693
                  },
                  {
                     "x": 1859,
                     "y": 2693
                  },
                  {
                     "x": 1859,
                     "y": 2753
                  },
                  {
                     "x": 1750,
                     "y": 2753
                  }
               ]
            },
            "description": "you",
            "line": 17,
            "__imgscaled": true,
            "x": 1750,
            "y": 2693,
            "height": 60,
            "tag": ""
         }
      ],
      [
         {
            "boundingPoly": {
               "vertices": [
                  {
                     "x": 251,
                     "y": 2767
                  },
                  {
                     "x": 402,
                     "y": 2767
                  },
                  {
                     "x": 402,
                     "y": 2811
                  },
                  {
                     "x": 251,
                     "y": 2811
                  }
               ]
            },
            "description": "Payment",
            "line": 18,
            "__imgscaled": true,
            "x": 251,
            "y": 2767,
            "height": 44,
            "tag": "payment-terms"
         },
         {
            "boundingPoly": {
               "vertices": [
                  {
                     "x": 404,
                     "y": 2767
                  },
                  {
                     "x": 438,
                     "y": 2767
                  },
                  {
                     "x": 438,
                     "y": 2804
                  },
                  {
                     "x": 404,
                     "y": 2804
                  }
               ]
            },
            "description": "is",
            "line": 18,
            "__imgscaled": true,
            "x": 404,
            "y": 2767,
            "height": 37,
            "tag": "payment-terms"
         },
         {
            "boundingPoly": {
               "vertices": [
                  {
                     "x": 440,
                     "y": 2768
                  },
                  {
                     "x": 507,
                     "y": 2768
                  },
                  {
                     "x": 507,
                     "y": 2804
                  },
                  {
                     "x": 440,
                     "y": 2804
                  }
               ]
            },
            "description": "due",
            "line": 18,
            "__imgscaled": true,
            "x": 440,
            "y": 2768,
            "height": 36,
            "tag": "payment-terms"
         },
         {
            "boundingPoly": {
               "vertices": [
                  {
                     "x": 508,
                     "y": 2767
                  },
                  {
                     "x": 606,
                     "y": 2767
                  },
                  {
                     "x": 606,
                     "y": 2803
                  },
                  {
                     "x": 508,
                     "y": 2803
                  }
               ]
            },
            "description": "within",
            "line": 18,
            "__imgscaled": true,
            "x": 508,
            "y": 2767,
            "height": 36,
            "tag": "payment-terms"
         },
         {
            "boundingPoly": {
               "vertices": [
                  {
                     "x": 610,
                     "y": 2766
                  },
                  {
                     "x": 658,
                     "y": 2766
                  },
                  {
                     "x": 658,
                     "y": 2804
                  },
                  {
                     "x": 610,
                     "y": 2804
                  }
               ]
            },
            "description": "30",
            "line": 18,
            "__imgscaled": true,
            "x": 610,
            "y": 2766,
            "height": 38,
            "tag": "payment-terms"
         },
         {
            "boundingPoly": {
               "vertices": [
                  {
                     "x": 659,
                     "y": 2767
                  },
                  {
                     "x": 743,
                     "y": 2767
                  },
                  {
                     "x": 743,
                     "y": 2811
                  },
                  {
                     "x": 659,
                     "y": 2811
                  }
               ]
            },
            "description": "days",
            "line": 18,
            "__imgscaled": true,
            "x": 659,
            "y": 2767,
            "height": 44,
            "tag": "payment-terms"
         }
      ]
   ],
   "manual_edit": {
      "fields": [

      ]
   },
   "schema": [
      "invoice-number",
      "invoice-date"
   ],
   "subset": "TRAIN"
}