﻿{
  "DataContractVersion": "1.0",
  "DocumentTypes": [
    {
      "DocumentTypeId": "Forms.IRS.W4",
      "Group": "Forms",
      "Category": "IRS",
      "Name": "W4",
      "OptionalUniqueIdentifier": null,
      "TypeField": {
        "FieldId": "Forms.IRS.W4.DocumentType",
        "FieldName": "Document Type"
      },
      "Fields": [
        {
          "FieldId": "Forms.IRS.W4.first-name",
          "FieldName": "first-name",
          "IsMultiValue": false,
          "Type": "Name",
          "DeriveFieldsFormat": "",
          "Components": [],
          "SetValues": []
        },
        {
          "FieldId": "Forms.IRS.W4.last-name",
          "FieldName": "last-name",
          "IsMultiValue": false,
          "Type": "Name",
          "DeriveFieldsFormat": "",
          "Components": [],
          "SetValues": []
        },
        {
          "FieldId": "Forms.IRS.W4.social-security-number",
          "FieldName": "social-security-number",
          "IsMultiValue": false,
          "Type": "Text",
          "DeriveFieldsFormat": "",
          "Components": [],
          "SetValues": []
        },
        {
          "FieldId": "Forms.IRS.W4.address",
          "FieldName": "address",
          "IsMultiValue": true,
          "Type": "Address",
          "DeriveFieldsFormat": "",
          "Components": [],
          "SetValues": []
        },
        {
          "FieldId": "Forms.IRS.W4.city-town-state-zip",
          "FieldName": "city-town-state-zip",
          "IsMultiValue": false,
          "Type": "Text",
          "DeriveFieldsFormat": "",
          "Components": [],
          "SetValues": []
        },
        {
          "FieldId": "Forms.IRS.W4.single-married-filing-separately",
          "FieldName": "single-married-filing-separately",
          "IsMultiValue": false,
          "Type": "Text",
          "DeriveFieldsFormat": "",
          "Components": [],
          "SetValues": []
        },
        {
          "FieldId": "Forms.IRS.W4.married-filing-jointly",
          "FieldName": "married-filing-jointly",
          "IsMultiValue": false,
          "Type": "Text",
          "DeriveFieldsFormat": "",
          "Components": [],
          "SetValues": []
        },
        {
          "FieldId": "Forms.IRS.W4.employers-name-address",
          "FieldName": "employers-name-address",
          "IsMultiValue": false,
          "Type": "Text",
          "DeriveFieldsFormat": "",
          "Components": [],
          "SetValues": []
        },
        {
          "FieldId": "Forms.IRS.W4.employment-date",
          "FieldName": "employment-date",
          "IsMultiValue": false,
          "Type": "Text",
          "DeriveFieldsFormat": "",
          "Components": [],
          "SetValues": []
        },
        {
          "FieldId": "Forms.IRS.W4.employer-identification-number",
          "FieldName": "employer-identification-number",
          "IsMultiValue": false,
          "Type": "Number",
          "DeriveFieldsFormat": "",
          "Components": [],
          "SetValues": []
        }
      ]
    },
    {
      "DocumentTypeId": "Forms.IRS.1040A",
      "Group": "Forms",
      "Category": "IRS",
      "Name": "1040A",
      "OptionalUniqueIdentifier": null,
      "TypeField": {
        "FieldId": "Forms.IRS.1040A.DocumentType",
        "FieldName": "Document Type"
      },
      "Fields": [
        {
          "FieldId": "Forms.IRS.1040A.first-name",
          "FieldName": "first-name",
          "IsMultiValue": false,
          "Type": "Name",
          "DeriveFieldsFormat": "",
          "Components": [],
          "SetValues": []
        },
        {
          "FieldId": "Forms.IRS.1040A.last-name",
          "FieldName": "last-name",
          "IsMultiValue": false,
          "Type": "Name",
          "DeriveFieldsFormat": "",
          "Components": [],
          "SetValues": []
        },
        {
          "FieldId": "Forms.IRS.1040A.social-security-number",
          "FieldName": "social-security-number",
          "IsMultiValue": false,
          "Type": "Text",
          "DeriveFieldsFormat": "",
          "Components": [],
          "SetValues": []
        },
        {
          "FieldId": "Forms.IRS.1040A.home-address",
          "FieldName": "home-address",
          "IsMultiValue": false,
          "Type": "Address",
          "DeriveFieldsFormat": "",
          "Components": [],
          "SetValues": []
        },
        {
          "FieldId": "Forms.IRS.1040A.city-town-zip",
          "FieldName": "city-town-zip",
          "IsMultiValue": false,
          "Type": "Address",
          "DeriveFieldsFormat": "",
          "Components": [],
          "SetValues": []
        },
        {
          "FieldId": "Forms.IRS.1040A.apt-no",
          "FieldName": "apt-no",
          "IsMultiValue": false,
          "Type": "Number",
          "DeriveFieldsFormat": "",
          "Components": [],
          "SetValues": []
        },
        {
          "FieldId": "Forms.IRS.1040A.account-number",
          "FieldName": "account-number",
          "IsMultiValue": false,
          "Type": "Number",
          "DeriveFieldsFormat": "",
          "Components": [],
          "SetValues": []
        },
        {
          "FieldId": "Forms.IRS.1040A.dependants",
          "FieldName": "dependants",
          "IsMultiValue": false,
          "Type": "Table",
          "DeriveFieldsFormat": "",
          "Components": [
            {
              "FieldId": "Forms.IRS.1040A.dependants.first-last-name",
              "FieldName": "first-last-name",
              "IsMultiValue": false,
              "Type": "Text",
              "DeriveFieldsFormat": "",
              "Components": [],
              "SetValues": []
            },
            {
              "FieldId": "Forms.IRS.1040A.dependants.social-security-number",
              "FieldName": "social-security-number",
              "IsMultiValue": false,
              "Type": "Text",
              "DeriveFieldsFormat": "",
              "Components": [],
              "SetValues": []
            },
            {
              "FieldId": "Forms.IRS.1040A.dependants.relationship",
              "FieldName": "relationship",
              "IsMultiValue": false,
              "Type": "Text",
              "DeriveFieldsFormat": "",
              "Components": [],
              "SetValues": []
            },
            {
              "FieldId": "Forms.IRS.1040A.dependants.child-tax-credit",
              "FieldName": "child-tax-credit",
              "IsMultiValue": false,
              "Type": "Text",
              "DeriveFieldsFormat": "",
              "Components": [],
              "SetValues": []
            }
          ],
          "SetValues": []
        },
        {
          "FieldId": "Forms.IRS.1040A.signature",
          "FieldName": "signature",
          "IsMultiValue": false,
          "Type": "Text",
          "DeriveFieldsFormat": "",
          "Components": [],
          "SetValues": []
        }
      ]
    },
    {
      "DocumentTypeId": "Reports.SEC.10-x",
      "Group": "Reports",
      "Category": "SEC",
      "Name": "10-x",
      "OptionalUniqueIdentifier": null,
      "TypeField": {
        "FieldId": "Reports.SEC.10-x.DocumentType",
        "FieldName": "Document Type"
      },
      "Fields": [
        {
          "FieldId": "Reports.SEC.10-x.commision-file-number",
          "FieldName": "commision-file-number",
          "IsMultiValue": false,
          "Type": "Text",
          "DeriveFieldsFormat": "",
          "Components": [],
          "SetValues": []
        },
        {
          "FieldId": "Reports.SEC.10-x.irs-employer-identification-no",
          "FieldName": "irs-employer-identification-no",
          "IsMultiValue": false,
          "Type": "Text",
          "DeriveFieldsFormat": "",
          "Components": [],
          "SetValues": []
        },
        {
          "FieldId": "Reports.SEC.10-x.telephone-number",
          "FieldName": "telephone-number",
          "IsMultiValue": false,
          "Type": "Text",
          "DeriveFieldsFormat": "",
          "Components": [],
          "SetValues": []
        },
        {
          "FieldId": "Reports.SEC.10-x.form-type",
          "FieldName": "form-type",
          "IsMultiValue": false,
          "Type": "Text",
          "DeriveFieldsFormat": "",
          "Components": [],
          "SetValues": []
        }
      ]
    },
    {
      "DocumentTypeId": "Accounting.Incoming.Invoice",
      "Group": "Accounting",
      "Category": "Incoming",
      "Name": "Invoice",
      "OptionalUniqueIdentifier": null,
      "TypeField": {
        "FieldId": "Accounting.Incoming.Invoice.DocumentType",
        "FieldName": "Document Type"
      },
      "Fields": [
        {
          "FieldId": "Accounting.Incoming.Invoice.vendor-address",
          "FieldName": "vendor-address",
          "IsMultiValue": false,
          "Type": "Address",
          "DeriveFieldsFormat": "",
          "Components": [],
          "SetValues": []
        },
        {
          "FieldId": "Accounting.Incoming.Invoice.billing-name",
          "FieldName": "billing-name",
          "IsMultiValue": false,
          "Type": "Name",
          "DeriveFieldsFormat": "",
          "Components": [],
          "SetValues": []
        },
        {
          "FieldId": "Accounting.Incoming.Invoice.billing-addr",
          "FieldName": "billing-addr",
          "IsMultiValue": false,
          "Type": "Address",
          "DeriveFieldsFormat": "",
          "Components": [],
          "SetValues": []
        },
        {
          "FieldId": "Accounting.Incoming.Invoice.shipping-addr",
          "FieldName": "shipping-addr",
          "IsMultiValue": false,
          "Type": "Address",
          "DeriveFieldsFormat": "",
          "Components": [],
          "SetValues": []
        },
        {
          "FieldId": "Accounting.Incoming.Invoice.invoice-no",
          "FieldName": "invoice-no",
          "IsMultiValue": false,
          "Type": "Number",
          "DeriveFieldsFormat": "",
          "Components": [],
          "SetValues": []
        },
        {
          "FieldId": "Accounting.Incoming.Invoice.payment-terms",
          "FieldName": "payment-terms",
          "IsMultiValue": false,
          "Type": "Text",
          "DeriveFieldsFormat": "",
          "Components": [],
          "SetValues": []
        },
        {
          "FieldId": "Accounting.Incoming.Invoice.due-date",
          "FieldName": "due-date",
          "IsMultiValue": false,
          "Type": "Date",
          "DeriveFieldsFormat": "",
          "Components": [],
          "SetValues": []
        },
        {
          "FieldId": "Accounting.Incoming.Invoice.po-no",
          "FieldName": "po-no",
          "IsMultiValue": false,
          "Type": "Number",
          "DeriveFieldsFormat": "",
          "Components": [],
          "SetValues": []
        },
        {
          "FieldId": "Accounting.Incoming.Invoice.date",
          "FieldName": "date",
          "IsMultiValue": false,
          "Type": "Date",
          "DeriveFieldsFormat": "",
          "Components": [],
          "SetValues": []
        },
        {
          "FieldId": "Accounting.Incoming.Invoice.net-amount",
          "FieldName": "net-amount",
          "IsMultiValue": false,
          "Type": "Number",
          "DeriveFieldsFormat": "",
          "Components": [],
          "SetValues": []
        },
        {
          "FieldId": "Accounting.Incoming.Invoice.tax",
          "FieldName": "tax",
          "IsMultiValue": false,
          "Type": "Number",
          "DeriveFieldsFormat": "",
          "Components": [],
          "SetValues": []
        },
        {
          "FieldId": "Accounting.Incoming.Invoice.total",
          "FieldName": "total",
          "IsMultiValue": false,
          "Type": "Number",
          "DeriveFieldsFormat": "",
          "Components": [],
          "SetValues": []
        },
        {
          "FieldId": "Accounting.Incoming.Invoice.currency",
          "FieldName": "currency",
          "IsMultiValue": false,
          "Type": "Text",
          "DeriveFieldsFormat": "",
          "Components": [],
          "SetValues": []
        },
        {
          "FieldId": "Accounting.Incoming.Invoice.items",
          "FieldName": "items",
          "IsMultiValue": false,
          "Type": "Table",
          "DeriveFieldsFormat": "",
          "Components": [
            {
              "FieldId": "Accounting.Incoming.Invoice.items.line-no",
              "FieldName": "line-no",
              "IsMultiValue": false,
              "Type": "Number",
              "DeriveFieldsFormat": "",
              "Components": [],
              "SetValues": []
            },
            {
              "FieldId": "Accounting.Incoming.Invoice.items.description",
              "FieldName": "description",
              "IsMultiValue": false,
              "Type": "Text",
              "DeriveFieldsFormat": "",
              "Components": [],
              "SetValues": []
            },
            {
              "FieldId": "Accounting.Incoming.Invoice.items.item-po-no",
              "FieldName": "item-po-no",
              "IsMultiValue": false,
              "Type": "Number",
              "DeriveFieldsFormat": "",
              "Components": [],
              "SetValues": []
            },
            {
              "FieldId": "Accounting.Incoming.Invoice.items.quantity",
              "FieldName": "quantity",
              "IsMultiValue": false,
              "Type": "Number",
              "DeriveFieldsFormat": "",
              "Components": [],
              "SetValues": []
            },
            {
              "FieldId": "Accounting.Incoming.Invoice.items.unit-price",
              "FieldName": "unit-price",
              "IsMultiValue": false,
              "Type": "Text",
              "DeriveFieldsFormat": "",
              "Components": [],
              "SetValues": []
            },
            {
              "FieldId": "Accounting.Incoming.Invoice.items.line-amount",
              "FieldName": "line-amount",
              "IsMultiValue": false,
              "Type": "Text",
              "DeriveFieldsFormat": "",
              "Components": [],
              "SetValues": []
            }
          ],
          "SetValues": []
        }
      ]
    }
  ],
  "Groups": [
    {
      "Name": "Accounting",
      "Categories": [
        "Incoming"
      ]
    },
    {
      "Name": "Forms",
      "Categories": [
        "IRS"
      ]
    },
    {
      "Name": "Reports",
      "Categories": [
        "SEC"
      ]
    }
  ],
  "SupportedLanguages": [
    {
      "Name": "Undetermined Language",
      "Code": "und"
    },
    {
      "Name": "Bulgarian",
      "Code": "bul"
    },
    {
      "Name": "Cantonese",
      "Code": "yue"
    },
    {
      "Name": "Danish",
      "Code": "dan"
    },
    {
      "Name": "Dutch",
      "Code": "nld"
    },
    {
      "Name": "English",
      "Code": "eng"
    },
    {
      "Name": "French",
      "Code": "fra"
    },
    {
      "Name": "Georgian",
      "Code": "kat"
    },
    {
      "Name": "German",
      "Code": "deu"
    },
    {
      "Name": "Greek",
      "Code": "ell"
    },
    {
      "Name": "Hebrew",
      "Code": "heb"
    },
    {
      "Name": "Hindi",
      "Code": "hin"
    },
    {
      "Name": "Italian",
      "Code": "ita"
    },
    {
      "Name": "Japanese",
      "Code": "jpn"
    },
    {
      "Name": "Korean",
      "Code": "kor"
    },
    {
      "Name": "Macedonian",
      "Code": "mkd"
    },
    {
      "Name": "Mandarin",
      "Code": "zho"
    },
    {
      "Name": "Marathi",
      "Code": "mar"
    },
    {
      "Name": "Norwegian",
      "Code": "nor"
    },
    {
      "Name": "Polish",
      "Code": "pol"
    },
    {
      "Name": "Portuguese",
      "Code": "por"
    },
    {
      "Name": "Romanian",
      "Code": "ron"
    },
    {
      "Name": "Russian",
      "Code": "rus"
    },
    {
      "Name": "Serbian",
      "Code": "srp"
    },
    {
      "Name": "Spanish",
      "Code": "spa"
    },
    {
      "Name": "Swedish",
      "Code": "swe"
    },
    {
      "Name": "Telugu",
      "Code": "tel"
    }
  ]
}