{
   "extraction": [
      {
         "name": "invoice-number",
         "type": "number"
      },
      {
         "name": "invoice-date",
         "type": "date"
      },
      {
         "name": "vendor-address",
         "type": "string",
         "multi_line": true
      },
      {
         "name": "billing-name",
         "type": "string"
      },
      {
         "name": "billing-addr",
         "type": "string",
         "multi_line": true
      },
      {
         "name": "shipping-addr",
         "type": "string",
         "multi_line": true
      },
      {
         "name": "payment-terms",
         "type": "string",
         "multi_line": true
      },
      {
         "name": "due-date",
         "type": "date"
      },
      {
         "name": "po-no",
         "type": "number"
      },
      {
         "name": "net-amount",
         "type": "string"
      },
      {
         "name": "tax",
         "type": "string"
      },
      {
         "name": "total",
         "type": "string"
      },
      {
         "name": "line-no",
         "type": "number",
         "section": "items"
      },
      {
         "name": "description",
         "type": "string",
         "section": "items"
      },
      {
         "name": "item-po-no",
         "type": "string",
         "section": "items"
      },
      {
         "name": "quantity",
         "type": "number",
         "section": "items"
      },
      {
         "name": "unit-price",
         "type": "string",
         "section": "items"
      },
      {
         "name": "line-amount",
         "type": "string",
         "section": "items"
      }
   ],
   "classification": {
      "currency": [
         {
            "name": "$",
            "description": "USA"
         }
      ]
   }
}